Language,Category,Aspect,Count,Negative,Neutral,Positive,Negative_Probability,Neutral_Probability,Positive_Probability
English,Others,academia,89,36,43,10,0.4313635877176617,0.37075163068228895,0.19788477803172355
English,Others,career,60,11,40,9,0.3022161869642635,0.4792289469391108,0.21855485659713547
English,Others,contract,109,39,60,10,0.38676589119051574,0.45994908752244545,0.1532850223038038
English,Others,germany,88,27,42,19,0.3567452234089036,0.4072686317800121,0.23598614112812688
English,Others,job,69,24,34,11,0.3934323985291564,0.3989718106939741,0.2075957923155764
English,Others,position,66,14,48,4,0.2964678199284456,0.5302052384976185,0.17332694374702193
English,Others,research,84,21,43,20,0.2801959725939447,0.4396377078124455,0.28016631467090475
English,Others,researcher,87,37,45,5,0.4347076128697258,0.41458593660044946,0.15070644188030013
English,Others,science,64,14,38,12,0.2779906377545558,0.4734325763420202,0.24857678553962614
English,Others,term,56,14,36,6,0.34865977249241303,0.4576607260720006,0.1936794985418341
English,Others,time,63,16,37,10,0.31379222340645296,0.4497471688877022,0.2364606038327255
English,Others,university,63,30,24,9,0.4466903257287211,0.3667742333833187,0.18653543731049885
English,Others,year,56,10,36,10,0.2676897554192692,0.47801588056609035,0.25429436275070266
English,PhD Student,academia,81,46,15,20,0.4616615595181047,0.30952158515100126,0.2288168510882023
English,PhD Student,germany,53,25,19,9,0.4606717639374283,0.34850305353976646,0.19082519561403766
English,PhD Student,year,69,37,23,9,0.49857126521891443,0.3262489124916602,0.17517981726838194
English,PostDoc,academia,339,135,164,40,0.43576237987891764,0.37369180034988925,0.19054581857613317
English,PostDoc,academic,313,107,177,29,0.4141380762675414,0.38356650613557797,0.20229540895611142
English,PostDoc,career,128,40,74,14,0.35317412062431686,0.43911438988288864,0.20771149153006263
English,PostDoc,change,100,35,56,9,0.38452592860907314,0.41128210015594957,0.20419197207316755
English,PostDoc,condition,103,25,77,1,0.39601177161613715,0.4303955986589483,0.1735926406566524
English,PostDoc,contract,163,36,117,10,0.31692858957942643,0.511844365051919,0.17122704643710443
English,PostDoc,day,56,17,23,16,0.33325724486660746,0.36022743582725525,0.3065153208029057
English,PostDoc,discussion,57,10,32,15,0.2319384984051188,0.46844856035813953,0.2996129484422374
English,PostDoc,germany,187,78,91,18,0.4300269603251136,0.40917985839520227,0.16079317796278128
English,PostDoc,job,159,61,79,19,0.41693293717953395,0.3867280729372734,0.1963389917516952
English,PostDoc,life,69,22,43,4,0.39681252448455145,0.43144851901393005,0.17173895809421505
English,PostDoc,people,127,56,54,17,0.45186517452161146,0.37649799657501576,0.17163682451809015
English,PostDoc,position,135,42,84,9,0.3821259436783967,0.45801440041374275,0.15985965494204452
English,PostDoc,postdoc,108,33,60,15,0.33559882934032764,0.466384237597662,0.19801693770999987
English,PostDoc,precarity,73,54,14,5,0.6430944208412954,0.2513080620245166,0.10559751399575848
English,PostDoc,problem,83,61,15,7,0.5911597450634083,0.2934745358953993,0.11536571824451886
English,PostDoc,research,170,39,92,39,0.28237909890492174,0.4452115998986889,0.2724093061488341
English,PostDoc,researcher,96,35,46,15,0.38297554342231405,0.4162627999515583,0.20076165195981352
English,PostDoc,scholar,82,37,34,11,0.4635006771309347,0.35519538360943154,0.18130393889619084
English,PostDoc,science,79,29,44,6,0.4143470612979388,0.4285440205395976,0.1571089176083856
English,PostDoc,scientist,69,24,40,5,0.40672517899909744,0.42356288303499634,0.16971193747999874
English,PostDoc,student,73,20,40,13,0.3583656885240176,0.4022041654392873,0.23943014130353518
English,PostDoc,system,186,82,91,13,0.4820787783271523,0.36061504441163234,0.15730617626980747
English,PostDoc,term,87,14,68,5,0.28933362523629064,0.49917097835020086,0.21149540654030338
English,PostDoc,thing,59,22,25,12,0.412310769623619,0.361659988855659,0.22602924541964875
English,PostDoc,thread,73,12,39,22,0.24551588878647923,0.41636340590576604,0.33812070589461557
English,PostDoc,time,146,48,80,18,0.38515217098318144,0.39576632134004,0.21908151095554437
English,PostDoc,university,101,29,64,8,0.3650398188003219,0.46439806851420073,0.1705621135153688
English,PostDoc,way,64,23,27,14,0.38054539283621125,0.3467779132188298,0.272676688444335
English,PostDoc,work,299,80,162,57,0.33492488840775547,0.3959191140273343,0.26915599582685673
English,PostDoc,year,198,55,115,28,0.356915796645964,0.4365297115191516,0.20655448879632685
English,Professor,academia,189,86,77,26,0.4738495173277678,0.34491592846692554,0.18123455086437168
English,Professor,academic,221,72,115,34,0.3965303119423702,0.3750774212080429,0.2283922619485545
English,Professor,career,83,30,43,10,0.3686470939631922,0.4133369703608823,0.21801593689898768
English,Professor,colleague,54,16,16,22,0.31728407326671815,0.31020417071327017,0.37251175964182176
English,Professor,contract,103,34,65,4,0.3831032375687534,0.46343731985074804,0.15345944309589063
English,Professor,germany,122,58,49,15,0.45910101426673716,0.37867303296435073,0.16222595526516193
English,Professor,job,126,51,60,15,0.4167254002143939,0.38756119173079256,0.1957134073452344
English,Professor,people,77,41,22,14,0.4992956541865677,0.3095776357192111,0.1911267066592133
English,Professor,position,99,27,57,15,0.3077033779988385,0.488171408498528,0.20412520839447024
English,Professor,postdoc,63,13,33,17,0.2983985260602028,0.4333399183575123,0.26826154557426296
English,Professor,professor,59,16,34,9,0.326782005128719,0.446136136239363,0.22708185539596668
English,Professor,research,86,16,52,18,0.2791714221022503,0.4659436539811797,0.25488492067859964
English,Professor,researcher,62,19,37,6,0.3814531218020185,0.40359766072323244,0.21494921918718085
English,Professor,student,61,20,23,18,0.3823713192746776,0.3320814813258218,0.28554720033082315
English,Professor,system,102,50,43,9,0.5168093141606626,0.3323921968283899,0.15079848565088183
English,Professor,term,52,16,33,3,0.4030230992402022,0.4174260626045557,0.17955084392227805
English,Professor,time,91,22,56,13,0.34095130054341566,0.44811013169013536,0.21093857348743048
English,Professor,university,93,36,47,10,0.42268007901567284,0.3932942116372688,0.18402570918683084
English,Professor,work,138,53,54,31,0.38367693934022734,0.3616142934323221,0.2547087636438833
English,Professor,year,129,29,77,23,0.31133088577798634,0.43767795740633975,0.25099115394951066
English,Unknown,academia,110,68,34,8,0.5417971967296167,0.31857752684842455,0.1396252708848227
English,Unknown,germany,98,55,33,10,0.5214546860328743,0.3337758293147294,0.14476948784550234
English,Unknown,passport,61,44,13,4,0.6205150332362925,0.27372032165771626,0.10576464799156443
English,Unknown,people,54,39,11,4,0.6037983578388337,0.29498166342576343,0.10121997859742907
English,Unknown,research,62,22,30,10,0.39490022384110957,0.4010574574311895,0.20404232028991945
English,Unknown,scholar,55,33,18,4,0.5327876795421947,0.3114735906097022,0.15573873787441037
English,Unknown,work,127,51,54,22,0.42669211801757495,0.3621717699634747,0.2111361103543029
English,Unknown,year,67,26,36,5,0.3862818094220624,0.4327841031351196,0.18093407685076124
German,Others,antwort,70,26,37,7,0.3863387987815908,0.434408830425569,0.17925238058503185
German,Others,arbeit,274,92,134,48,0.3628514425584326,0.42698019743645493,0.21016836074949072
German,Others,arbeitsbedingung,261,80,156,25,0.3978529208164905,0.4514320318255274,0.15071505156499101
German,Others,arbeitsverhältnis,67,22,44,1,0.37620858748012515,0.5355166036135225,0.08827479995453535
German,Others,arbeitsvertrag,57,9,45,3,0.22962914224256548,0.6559296629407949,0.11444119774131921
German,Others,bedingung,69,30,35,4,0.4529398817946945,0.409147578952969,0.13791254450283622
German,Others,befristung,149,48,98,3,0.40725175423810145,0.4938790451660252,0.09886919613927603
German,Others,beitrag,86,16,44,26,0.23262750160295603,0.46864527013412743,0.29872722629197807
German,Others,bereich,69,14,47,8,0.28504855336918344,0.5834620407094127,0.13148940655578306
German,Others,berlin,66,14,44,8,0.30600573088635097,0.5088606352607409,0.18513362813797413
German,Others,beschäftigung,66,12,52,2,0.3057079076428305,0.5609707188312755,0.1333213820489067
German,Others,bildung,81,23,52,6,0.34540810799341143,0.4887368159805551,0.1658550794063895
German,Others,bmbf,73,35,33,5,0.45637977995896994,0.3872820366020889,0.15633817903748523
German,Others,chance,70,21,31,18,0.34182026492697853,0.39200044689433916,0.26617928775293487
German,Others,daueraufgabe,140,21,102,17,0.23883734129901443,0.6050509116745421,0.1561117441593004
German,Others,dauerstelle,62,26,35,1,0.43510030822888496,0.4688264821325579,0.09607320510211491
German,Others,debatte,117,35,65,17,0.3244470706623461,0.505579725640197,0.1699732002746473
German,Others,deutschland,147,48,91,8,0.41773619928530287,0.4554455932990021,0.12681820452669446
German,Others,diskussion,111,26,66,19,0.2840791535773524,0.5098586449617738,0.2060621984739293
German,Others,druck,69,36,26,7,0.47582839780311653,0.36874382203255873,0.155427781622047
German,Others,entfristung,87,37,47,3,0.4316605608268031,0.45782821342862884,0.1105112249845232
German,Others,erfahrung,84,18,59,7,0.29585027331042857,0.548197517614989,0.15595220805456242
German,Others,familie,64,30,28,6,0.4376514910836704,0.41593723138794303,0.14641128724906594
German,Others,folge,76,16,54,6,0.25774778031106843,0.5642700278151193,0.17798219967976606
German,Others,forderung,87,19,60,8,0.30195115082736673,0.5482823210714878,0.14976652855074954
German,Others,forschung,309,79,207,23,0.32155994874422217,0.5229970121750168,0.15544304085600047
German,Others,frage,109,38,65,6,0.3837766901273793,0.49659223957072707,0.1196310697636063
German,Others,frau,58,26,31,1,0.442449651658535,0.46326591048775045,0.09428443287595592
German,Others,geld,89,46,40,3,0.4718970352511727,0.42007328578260505,0.10802967415264483
German,Others,geschichte,51,13,32,6,0.3084027066315506,0.514060816198003,0.17753648714107625
German,Others,gesellschaft,62,17,41,4,0.3401398320472048,0.51506248440954,0.14479768318274328
German,Others,gesetz,78,27,47,4,0.38338826730465275,0.4841044788272717,0.1325072516591694
German,Others,grund,69,30,31,8,0.45167763363839925,0.3902257888753345,0.1580965746248114
German,Others,hanna,197,58,112,27,0.3560135916518378,0.44658945973603253,0.1973969516755663
German,Others,hochschule,385,103,261,21,0.3484132346878578,0.5296311124385177,0.12195565200035835
German,Others,idee,86,22,34,30,0.2911227218655133,0.3549603673434535,0.35391690557129507
German,Others,info,51,3,44,4,0.11017992650615234,0.7420797774604723,0.1477402964351224
German,Others,innovation,62,14,29,19,0.3279295339579544,0.40165188160514637,0.27041857793266255
German,Others,jahr,578,158,357,63,0.3319288060249548,0.49021049984005705,0.1778606952532198
German,Others,job,113,47,56,10,0.40912223999611047,0.43015888967938654,0.16071886692064263
German,Others,karriere,100,32,61,7,0.3582515033707023,0.5004575419053435,0.1412909578345716
German,Others,kind,75,35,34,6,0.4482118235031764,0.41351932421326637,0.1382688541089495
German,Others,kollege,126,36,67,23,0.3417698573321104,0.42956815089379985,0.2286619900297078
German,Others,kommentar,52,25,22,5,0.4751962083033644,0.3671766451488321,0.15762714756867632
German,Others,land,135,48,81,6,0.3958772238757875,0.4788390441073312,0.1252837338588304
German,Others,lehre,70,22,44,4,0.3874811380569424,0.4464451616363866,0.16607369992083737
German,Others,leute,116,59,46,11,0.4830537100226201,0.3750752903328374,0.1418710045018715
German,Others,mensch,217,107,91,19,0.4789315927773714,0.3758645921876903,0.1452038184211757
German,Others,mitarbeiter,93,16,73,4,0.2924356117283785,0.5924925033844286,0.11507188715040684
German,Others,mittelbau,159,47,102,10,0.36849550778667134,0.5014990809953438,0.1300054148319851
German,Others,monat,96,27,62,7,0.31607683045634377,0.5347811348037794,0.14914203865919262
German,Others,nachwuchs,93,30,54,9,0.3902226340786744,0.42844191243651736,0.18133544862791096
German,Others,personal,69,22,45,2,0.3596506655972073,0.523944517624551,0.11640481630583173
German,Others,perspektive,121,23,86,12,0.2780283218603735,0.5487299126780723,0.1732417697102324
German,Others,politik,75,31,39,5,0.46267066458861034,0.41431434119741123,0.12301499530673027
German,Others,postdoc,98,28,64,6,0.33826857204644045,0.5295979479061705,0.13213348051305024
German,Others,problem,217,159,49,9,0.6000469246115278,0.32827366026727833,0.07167941282078417
German,Others,prof,83,14,60,9,0.28736939234098036,0.5319070668374918,0.18072354970836496
German,Others,professor,69,20,43,6,0.38176675761739415,0.47694539559492166,0.14128784731408392
German,Others,professur,96,28,67,1,0.35952122629775357,0.5416810854803771,0.09879769291728735
German,Others,projekt,102,24,70,8,0.28423475296985284,0.5456535376827506,0.17011170810563306
German,Others,promotion,182,53,110,19,0.3298211339349439,0.5165875471800894,0.15359132445243362
German,Others,reform,102,33,60,9,0.3604916187331957,0.4600238614514762,0.17948452289234482
German,Others,semester,54,14,35,5,0.30452527581817573,0.5320304192740608,0.16344430221727602
German,Others,situation,97,41,47,9,0.42559912215111795,0.4461181831267691,0.1282826944916826
German,Others,stelle,149,54,88,7,0.3854446380880455,0.4741887909503991,0.1403665742430611
German,Others,studium,147,44,91,12,0.3369812664962342,0.5001717711082933,0.16284696299734772
German,Others,stunde,67,15,48,4,0.290230072979162,0.586104743961078,0.12366518428298964
German,Others,system,195,100,74,21,0.4874619036435317,0.35976976928038473,0.1527683257149198
German,Others,tag,111,27,62,22,0.30828673895951864,0.4426500945947729,0.2490631681237672
German,Others,thema,237,37,160,40,0.23991352603436775,0.5580402513187898,0.20204622694585897
German,Others,thread,79,14,37,28,0.25063395042774045,0.4215489677801917,0.32781707964648926
German,Others,uhr,184,11,158,15,0.16192713724044355,0.6739655283644147,0.16410733374726513
German,Others,uni,422,147,250,25,0.3937348645374673,0.4835486719428928,0.12271646376240168
German,Others,universität,175,44,122,9,0.3425406700159822,0.5483330737373658,0.1091262572897332
German,Others,unsicherheit,54,49,4,1,0.7557830048931969,0.1949880241450888,0.049228976066741675
German,Others,vertrag,227,62,156,9,0.3294754129576,0.5459040223009524,0.12462056370755649
German,Others,verwaltung,53,26,24,3,0.45543223085268486,0.42493680548274293,0.11963096130990757
German,Others,video,63,16,35,12,0.2897578548817408,0.4619859409119402,0.2482562086707543
German,Others,vorschlag,58,14,28,16,0.30592166799409637,0.3957011289894581,0.29837719738033824
German,Others,wissenschaft,699,202,455,42,0.3549116361667755,0.5210150046559192,0.12407335827662709
German,Others,wissenschaftler,326,114,191,21,0.3946627569070623,0.485056633049725,0.12028060943185369
German,Others,wissenschaftlerin,60,22,33,5,0.3778857224310438,0.4677627501388391,0.15435152184218168
German,Others,wissenschaftssystem,74,31,38,5,0.46072391994498874,0.42108874959317416,0.11818733121696356
German,Others,woche,92,23,53,16,0.30604942080200365,0.47386974136790505,0.22008083576498472
German,Others,wort,58,25,25,8,0.4238940330286478,0.3825117591768503,0.19359421285254688
German,Others,zeit,235,70,130,35,0.36151705291518504,0.43714211378642853,0.20134083442389966
German,Others,zukunft,70,16,43,11,0.2978961740221296,0.4970493668424232,0.20505445466509886
German,PD,arbeit,52,24,21,7,0.458503358066082,0.3805128632543179,0.16098377640502384
German,PD,befristung,55,21,28,6,0.3890138963068073,0.4625808881087737,0.14840521363710815
German,PD,jahr,112,39,60,13,0.3557694908231497,0.4839973546830671,0.16023315845190414
German,PD,leute,56,42,13,1,0.5933350153001291,0.31384456869480865,0.09282040709097471
German,PD,problem,71,47,24,0,0.5899685171078628,0.34950773675047175,0.06052374843717881
German,PD,professur,71,36,27,8,0.44664914223929525,0.4344590759088456,0.11889177785110726
German,PD,system,71,48,20,3,0.6168640071237591,0.3069008477556873,0.0762351382340134
German,PD,vertrag,52,23,24,5,0.44264745640640074,0.43605413739211285,0.12129840047027056
German,PD,wissenschaft,161,70,83,8,0.44635840706666063,0.4420022034543271,0.11163939191433399
German,PhD Student,arbeit,86,37,33,16,0.4105363912490565,0.35672670724086986,0.2327369034268655
German,PhD Student,arbeitsbedingung,52,15,29,8,0.3587324645800086,0.48881630040705204,0.15245124051132455
German,PhD Student,deutschland,58,20,30,8,0.4236827635302626,0.40294181902346937,0.17337541866662173
German,PhD Student,forschung,110,39,61,10,0.3819571047343991,0.4580473785034635,0.1599955116313967
German,PhD Student,hanna,61,21,28,12,0.35115178065282887,0.4343721702328471,0.2144760477860443
German,PhD Student,hochschule,71,38,27,6,0.48056096699036344,0.38442785786071293,0.13501117589660513
German,PhD Student,jahr,284,83,171,30,0.3480370546113962,0.47243996022242896,0.1795229838478943
German,PhD Student,leute,57,32,17,8,0.5328251369166792,0.3076442051352116,0.15953064997468078
German,PhD Student,mensch,73,39,27,7,0.468682631901274,0.3893253732829878,0.14199199137112048
German,PhD Student,monat,51,18,27,6,0.3564111592576784,0.46138084636015053,0.18220799374302812
German,PhD Student,problem,89,69,18,2,0.6520832124051084,0.28815433600645385,0.059762450426900655
German,PhD Student,professur,57,17,32,8,0.3798222513052455,0.4706358989341217,0.14954184969527679
German,PhD Student,promotion,90,36,47,7,0.3885505087673664,0.47049965490069656,0.1409498287571801
German,PhD Student,stelle,73,29,36,8,0.4163236951276864,0.4115780121455454,0.17209829465320256
German,PhD Student,system,86,50,25,11,0.550901610404253,0.3207174725180795,0.12838091572400095
German,PhD Student,thema,77,24,40,13,0.3388336989061012,0.44160895383396703,0.21955735374290447
German,PhD Student,uni,135,52,62,21,0.3954117322685542,0.43283515798824806,0.17175310528664678
German,PhD Student,vertrag,89,25,58,6,0.32671372255498776,0.5335156190093984,0.13977065974365124
German,PhD Student,wissenschaft,199,85,93,21,0.42817736021126035,0.4211297282696369,0.15069291143018246
German,PhD Student,wissenschaftler,112,51,49,12,0.430350017866918,0.41824316226744224,0.1514068193334554
German,PhD Student,woche,58,21,29,8,0.37544625390577935,0.43916984390595865,0.18538390093579374
German,PhD Student,zeit,98,38,48,12,0.39220472653301397,0.42275100794373727,0.18504426431633075
German,PostDoc,antrag,76,19,52,5,0.3296050342093957,0.519535009357098,0.15085995765893082
German,PostDoc,antwort,91,29,47,15,0.3465732619944182,0.42894049750252083,0.22448623873252463
German,PostDoc,arbeit,365,100,195,70,0.3224542865810329,0.4433818810045311,0.23416383406530097
German,PostDoc,arbeitgeber,53,25,27,1,0.4633412736485589,0.4273639924402507,0.1092947263200328
German,PostDoc,arbeitsbedingung,221,88,113,20,0.4153015492863245,0.42013300946867305,0.16456544148520783
German,PostDoc,arbeitsvertrag,73,12,55,6,0.24064881456633136,0.626412401664747,0.1329387884382924
German,PostDoc,arbeitszeit,53,12,39,2,0.32264912128448486,0.5764319099626452,0.10091896980719746
German,PostDoc,argument,92,42,44,6,0.4624484910265259,0.40547301802460267,0.1320784938339468
German,PostDoc,artikel,87,24,40,23,0.33397372582948753,0.4024091060648019,0.2636171641449134
German,PostDoc,ausland,75,29,39,7,0.4560301034649213,0.42269647459189097,0.12127341366062562
German,PostDoc,bedingung,100,48,49,3,0.47403149858117105,0.4189431348443031,0.1070253694895655
German,PostDoc,befristung,145,55,86,4,0.4356737058224349,0.45182329704021584,0.11250300075344999
German,PostDoc,beispiel,53,12,36,5,0.28047613722254644,0.509070440915958,0.21045342158034164
German,PostDoc,beitrag,138,22,67,49,0.24924914906665252,0.4252012243251438,0.3255496271615983
German,PostDoc,bereich,78,22,49,7,0.3534106252571711,0.5062738384287326,0.14031553067840064
German,PostDoc,beschäftigung,60,20,40,0,0.38079885927339396,0.5149044979363679,0.10429663991866013
German,PostDoc,bewerbung,65,16,47,2,0.31141417565254065,0.5549847582211861,0.13360106844741565
German,PostDoc,bildung,72,18,49,5,0.34621760807931423,0.494946323438651,0.15883607290581697
German,PostDoc,bmbf,110,69,32,9,0.5105717803266916,0.3460017735307867,0.14342644720084288
German,PostDoc,buch,90,20,50,20,0.2585030404229959,0.4726285103708506,0.2688684442184038
German,PostDoc,bund,53,15,34,4,0.3498587507121968,0.5111955511120131,0.13894570232281145
German,PostDoc,bundestag,54,19,29,6,0.37655299970949135,0.4460534514100463,0.177393547086804
German,PostDoc,cdu,51,25,22,4,0.5001437368930555,0.3502039164304733,0.14965234331640542
German,PostDoc,chance,103,39,45,19,0.412933923014738,0.3624789105022995,0.22458716974711246
German,PostDoc,dauerstelle,72,27,40,5,0.41944133392017746,0.4536871772466434,0.1268714953524371
German,PostDoc,debatte,135,48,67,20,0.3681770215983744,0.4566058991683854,0.17521707805356493
German,PostDoc,deutschland,206,86,106,14,0.45434595523311677,0.4187179546965991,0.12693609075747359
German,PostDoc,dis,66,22,38,6,0.3415973087716283,0.49270300499417563,0.165699690862587
German,PostDoc,diskussion,147,40,82,25,0.32919294624050865,0.4711945765227282,0.1996124728842556
German,PostDoc,drittmittel,94,30,61,3,0.3820713412888507,0.5114064926796771,0.10652216334648906
German,PostDoc,druck,82,43,31,8,0.47034584440109206,0.3763247877813694,0.15332936258168844
German,PostDoc,entfristung,79,37,41,1,0.46744033656542816,0.43827458820011045,0.09428508076345242
German,PostDoc,erfahrung,87,31,48,8,0.3750429528968773,0.4652836709015671,0.15967336975723162
German,PostDoc,erfolg,59,15,18,26,0.2595001567407685,0.3271094709003376,0.4133903794622017
German,PostDoc,ergebnis,79,21,51,7,0.3111720697459164,0.5268027397650706,0.16202519650134858
German,PostDoc,fach,60,24,31,5,0.43292035833001136,0.45780050605535505,0.10927913294484218
German,PostDoc,familie,96,40,51,5,0.41557905743441853,0.45440986011332524,0.13001107937695147
German,PostDoc,folge,56,16,36,4,0.3650681835798813,0.4805899706802198,0.15434185274144901
German,PostDoc,forderung,73,20,47,6,0.3639863428902136,0.4764336766547536,0.15957998318521127
German,PostDoc,forscher,58,20,35,3,0.4069789910110934,0.4698432858647971,0.12317772887261777
German,PostDoc,forschung,427,108,282,37,0.3334046236088879,0.5125852543119106,0.15401012261792912
German,PostDoc,frage,166,61,97,8,0.41168239151677455,0.5043698959052563,0.08394771207303527
German,PostDoc,frau,66,30,31,5,0.4324827945198525,0.4134612361138517,0.15405597203326496
German,PostDoc,gedanke,54,17,23,14,0.3380788646776367,0.3721785991694088,0.2897425411200082
German,PostDoc,geld,141,74,64,3,0.4813322857920582,0.4152087747310916,0.10345894120739284
German,PostDoc,geschichte,61,18,37,6,0.3328302456218688,0.5014886284460787,0.1656811211838341
German,PostDoc,gesellschaft,79,37,38,4,0.45363725448333764,0.4173188160020339,0.1290439322024961
German,PostDoc,gesetz,77,29,44,4,0.44523525697650845,0.44414537644328234,0.11061936433052087
German,PostDoc,gespräch,63,12,32,19,0.27541855317614383,0.4179336515565713,0.30664779775081175
German,PostDoc,glück,81,17,14,50,0.2517696451165794,0.27484363685419533,0.4733867244220074
German,PostDoc,grund,75,31,38,6,0.44134996791680653,0.4033858932554722,0.15526413013537724
German,PostDoc,hanna,254,81,133,40,0.38701785377806097,0.40645959711538293,0.20652255085920254
German,PostDoc,hochschule,269,85,168,16,0.3688353559203086,0.513342358698189,0.1178222791911501
German,PostDoc,idee,82,26,37,19,0.34182114351722526,0.3804290894782398,0.2777497618027577
German,PostDoc,innovation,112,39,45,28,0.3706242724853967,0.40597771246185793,0.2233980141629997
German,PostDoc,interview,60,5,28,27,0.20975933629088103,0.41834959058711924,0.37189106550067663
German,PostDoc,jahr,897,249,556,92,0.34196171003581755,0.4808653486018363,0.17717294095015546
German,PostDoc,job,125,51,54,20,0.4005290447175503,0.386628269508481,0.21284268341958523
German,PostDoc,karriere,187,55,113,19,0.3525713977807346,0.4748869369872273,0.17254166565536655
German,PostDoc,kind,174,72,90,12,0.4579654398920207,0.40888808971677704,0.13314647535290355
German,PostDoc,kollege,143,53,69,21,0.3767232246228031,0.44078456343418654,0.18249220803536317
German,PostDoc,kommentar,59,30,21,8,0.4467725682119697,0.37646363918685305,0.17676379365878084
German,PostDoc,konferenz,52,9,38,5,0.26861374667630744,0.5795617059159738,0.15182454264364564
German,PostDoc,kopf,51,30,14,7,0.5303541755705488,0.28245829549782414,0.18718753265691737
German,PostDoc,kritik,67,48,16,3,0.6206761218273817,0.3028301102345559,0.07649377084323275
German,PostDoc,land,121,53,60,8,0.4617326113064427,0.4050181107210719,0.13324927670250009
German,PostDoc,lehre,122,35,70,17,0.3246066025534614,0.47015634376067117,0.20523705873943743
German,PostDoc,leistung,69,17,41,11,0.34259174105481827,0.4650178103019362,0.19239044764443583
German,PostDoc,leute,232,115,99,18,0.47460843537580866,0.39458141897419663,0.13081014757686904
German,PostDoc,lösung,78,31,40,7,0.39084942684246177,0.44867158547425884,0.16047898665643656
German,PostDoc,mensch,187,92,75,20,0.4778100344984927,0.37927670035770233,0.14291326652833802
German,PostDoc,mitarbeiter,102,39,60,3,0.4078751797696539,0.48949869585168715,0.102626125346504
German,PostDoc,mittel,57,15,38,4,0.370018133926287,0.5089696930035165,0.12101217998159036
German,PostDoc,mittelbau,155,59,84,12,0.40523511726529365,0.4494839517579925,0.14528093015354487
German,PostDoc,monat,163,61,89,13,0.3736532565000598,0.46528522837107167,0.16106151211206898
German,PostDoc,möglichkeit,67,24,38,5,0.3582702401691853,0.4623180971439205,0.17941165800248063
German,PostDoc,nachwuchs,141,61,73,7,0.42049902775291853,0.43580676291587084,0.14369420565876131
German,PostDoc,person,93,30,58,5,0.39178327959711834,0.501614152103342,0.10660256745834504
German,PostDoc,personal,85,33,49,3,0.4475330017068807,0.44770635064033903,0.10476064970168997
German,PostDoc,perspektive,176,49,103,24,0.3215129064311358,0.48159519845450466,0.19689189884494143
German,PostDoc,politik,98,45,47,6,0.4411402668955983,0.44798835473401205,0.1108713745880796
German,PostDoc,position,76,22,47,7,0.3351343650811989,0.5209481845560827,0.14391745077936272
German,PostDoc,post,57,16,39,2,0.33808523351163194,0.5432359916076326,0.11867877419449781
German,PostDoc,postdoc,228,61,155,12,0.3343435271005881,0.5387711402747715,0.1268853304270459
German,PostDoc,problem,367,278,81,8,0.6312650378884834,0.3077057696148063,0.061029195143493545
German,PostDoc,prof,89,37,46,6,0.4174418703893597,0.4316305552891801,0.15092757161120685
German,PostDoc,professor,164,71,78,15,0.4367146129015742,0.4136843273825035,0.14960106270864787
German,PostDoc,professur,226,86,121,19,0.42441388839377764,0.45362445742584173,0.12196165554439731
German,PostDoc,projekt,144,30,95,19,0.2826253181297539,0.5240168631490734,0.1933578221489572
German,PostDoc,promotion,229,48,170,11,0.2960941390293004,0.5637913766971843,0.14011448718542355
German,PostDoc,publikation,56,20,33,3,0.36502184266490595,0.5169459966543529,0.11803216011529523
German,PostDoc,qualifikation,65,23,41,1,0.38760990494718917,0.5117326303170278,0.10065745974962528
German,PostDoc,realität,61,29,30,2,0.48780497578812426,0.41174577610170254,0.10044925178966073
German,PostDoc,reform,52,16,35,1,0.4102804600619353,0.4311238778755069,0.15859566874300632
German,PostDoc,sache,73,40,25,8,0.49347398348458826,0.334569028387331,0.17195698625267777
German,PostDoc,sauerei,67,67,0,0,0.9613400546472464,0.0268317582224732,0.011828139466025046
German,PostDoc,semester,54,19,31,4,0.38269805245929295,0.45027040096896664,0.16703154629579298
German,PostDoc,situation,120,56,52,12,0.4728814572406312,0.3968197625751297,0.13029877902784695
German,PostDoc,stelle,270,88,159,23,0.38350605321703135,0.46052049637806636,0.15597344983231137
German,PostDoc,struktur,66,16,46,4,0.3461475706461704,0.5490506481040608,0.10480177034200593
German,PostDoc,studium,95,24,62,9,0.34221257669361016,0.49234291307236017,0.1654445088517509
German,PostDoc,stunde,79,21,54,4,0.31966161850509767,0.5322818146381951,0.1480565620704165
German,PostDoc,system,398,225,151,22,0.5371457695745718,0.35336442745229857,0.10948979809655617
German,PostDoc,tag,142,42,78,22,0.3441819217265912,0.43483658580922746,0.2209814957172518
German,PostDoc,teil,91,27,57,7,0.3325087245103422,0.4917811377608514,0.1757101394993427
German,PostDoc,thema,255,57,161,37,0.29369699646737063,0.5227334883940571,0.1835695200435379
German,PostDoc,thread,175,27,90,58,0.24565774958048547,0.3998421546603952,0.3545000955143145
German,PostDoc,track,52,11,39,2,0.29508442961825776,0.5457772340338963,0.1591383355956238
German,PostDoc,tweet,88,21,52,15,0.28976424950682983,0.4778909352608025,0.23234481989956376
German,PostDoc,uhr,66,10,51,5,0.21508514105031887,0.6429677066026311,0.14194714991996685
German,PostDoc,un,71,25,40,6,0.3890601049741389,0.4643520636247917,0.14658783061403624
German,PostDoc,uni,557,203,319,35,0.4199106213862421,0.45700831465168956,0.12308106401557341
German,PostDoc,universität,309,91,199,19,0.3697681088832397,0.5159838946602491,0.11424799658008475
German,PostDoc,urlaub,52,22,25,5,0.4546559564769268,0.39597637134675795,0.14936767590160555
German,PostDoc,verantwortung,59,15,39,5,0.3279949936194945,0.481803325904628,0.19020166830554353
German,PostDoc,vertrag,252,54,182,16,0.3009324906881721,0.5681163812174447,0.13095113256620983
German,PostDoc,verwaltung,54,18,35,1,0.3965149405239909,0.5041245160693372,0.09936054520033023
German,PostDoc,video,83,23,45,15,0.35282016617346956,0.43411973071654875,0.21306010398520045
German,PostDoc,vorschlag,109,33,51,25,0.3474662392955581,0.40715952538842454,0.24537424144224015
German,PostDoc,wirtschaft,78,23,48,7,0.4268400304688093,0.42522907300064194,0.14793089531266537
German,PostDoc,wissenschaft,846,267,511,68,0.38102421238930373,0.48615643161020944,0.13281935310634138
German,PostDoc,wissenschaftler,428,184,227,17,0.44784883673468207,0.4430984162124936,0.10905274525328287
German,PostDoc,wissenschaftlerin,63,17,39,7,0.36874563850107644,0.4833653789191019,0.14788898742861217
German,PostDoc,wissenschaftssystem,161,59,88,14,0.42408117564013287,0.4487493162662346,0.12716951127516926
German,PostDoc,woche,163,43,100,20,0.33880069009685443,0.47159116487790104,0.18960814010580443
German,PostDoc,wort,93,46,25,22,0.46399856707261455,0.3178480498052092,0.21815338443403923
German,PostDoc,zeit,364,128,199,37,0.39792607890462484,0.436183153334391,0.165890765880429
German,PostDoc,zukunft,72,24,40,8,0.35565906750141746,0.46077995136794114,0.18356097326613963
German,Professor,antrag,91,24,65,2,0.35084776920112937,0.5310430694576148,0.11810915486293506
German,Professor,antwort,88,32,44,12,0.39642439954067493,0.4131678584963083,0.19040774669371208
German,Professor,arbeit,260,86,143,31,0.3780289418064058,0.44446418329786797,0.17750687659001693
German,Professor,arbeitsbedingung,183,63,98,22,0.4091683312680552,0.4159939879643135,0.17483768616217732
German,Professor,argument,99,53,40,6,0.514702664104977,0.3635881459434526,0.12170918849343905
German,Professor,artikel,55,19,25,11,0.3387833191928538,0.41675481952049515,0.2444618611511859
German,Professor,ausland,79,25,44,10,0.38845672736628145,0.4554122251140166,0.1561310508205921
German,Professor,bedingung,76,32,36,8,0.4432812213505569,0.415712987734495,0.14100579774056218
German,Professor,befristung,148,49,91,8,0.3835938943147257,0.5014671999961138,0.11493890989269759
German,Professor,beitrag,88,13,50,25,0.21041045185517182,0.4715165167369626,0.3180730288149789
German,Professor,beruf,59,25,27,7,0.3854003803709806,0.41107232874985467,0.20352728382321233
German,Professor,bewerbung,72,27,35,10,0.37165761961498195,0.43711711471486425,0.19122526610994506
German,Professor,bmbf,81,46,31,4,0.4984450795584255,0.38468226730639554,0.11687264966284051
German,Professor,buch,53,5,42,6,0.24402790161658008,0.5792505351721116,0.1767215730516978
German,Professor,chance,106,41,53,12,0.4272428682636259,0.377176715834242,0.19558041416249186
German,Professor,dauerstelle,87,21,63,3,0.3559230564312003,0.5458175584502604,0.0982593841443973
German,Professor,debatte,100,30,61,9,0.35564439281821253,0.49770857008174063,0.1466470384132117
German,Professor,deutschland,138,55,68,15,0.4661569291914719,0.3861867424937478,0.14765632844300589
German,Professor,diskussion,133,31,75,27,0.3036903214984034,0.4745211177470541,0.22178855492152216
German,Professor,drittmittel,89,28,58,3,0.3837893854282545,0.5152745364087351,0.10093607916758301
German,Professor,druck,63,29,31,3,0.458570383193474,0.4184077282450975,0.12302188897534969
German,Professor,entfristung,84,28,51,5,0.39287776606423513,0.47557756153955344,0.1315446711766223
German,Professor,entscheidung,59,16,42,1,0.3859301474639925,0.5089918306192099,0.10507802794671665
German,Professor,erfahrung,67,17,40,10,0.2902096434871652,0.5031372485543365,0.2066531127402142
German,Professor,fach,72,30,36,6,0.39512547395295566,0.45478643130304086,0.15008809444649765
German,Professor,familie,61,23,33,5,0.3749229226444588,0.4868949547898574,0.13818212030608146
German,Professor,finanzierung,54,17,34,3,0.35296513402351626,0.5136042003416352,0.1334306641343843
German,Professor,forderung,51,17,32,2,0.3952128752408659,0.4926658713934468,0.11212124945778473
German,Professor,forschung,373,98,240,35,0.32919205378131794,0.504259836048527,0.16654810937366202
German,Professor,frage,126,38,78,10,0.37854744162824416,0.4928161971980617,0.1286363596658385
German,Professor,frau,63,24,30,9,0.40305292588614283,0.4141956427031093,0.1827514325785968
German,Professor,geld,135,65,62,8,0.4717915573605785,0.39791344884369106,0.13029499487192542
German,Professor,generation,78,39,33,6,0.5046185760352856,0.348425440920087,0.1469559841311704
German,Professor,gesellschaft,59,24,30,5,0.40254979498558124,0.43325778627294603,0.16419241692618294
German,Professor,gesetz,64,28,33,3,0.4739482229342684,0.41872312972554937,0.1073286445607664
German,Professor,gespräch,56,18,34,4,0.3137516029777804,0.519529497916145,0.16671889082395605
German,Professor,glück,57,11,7,39,0.24251130863762738,0.25492373585962413,0.5025649560582742
German,Professor,grund,80,42,28,10,0.5117183274589479,0.34799285330809654,0.14028881220147013
German,Professor,habil,62,35,24,3,0.4702211176195452,0.3816890413121831,0.14808984153393295
German,Professor,hanna,229,89,110,30,0.41277791595485014,0.40704961436674586,0.18017247376564938
German,Professor,hochschule,241,104,127,10,0.4291664534306378,0.46579916164649965,0.10503438333459043
German,Professor,idee,72,23,29,20,0.3667589865831865,0.35674780431307024,0.27649321326882476
German,Professor,innovation,70,21,33,16,0.37056862435170584,0.3969738984214408,0.23245747280972345
German,Professor,jahr,693,214,417,62,0.35054361612588425,0.4787378471081305,0.1707185355551315
German,Professor,job,89,28,48,13,0.3681533337476548,0.4178489541027988,0.21399771034968704
German,Professor,karriere,142,50,86,6,0.37192012746096914,0.48847959006966,0.13960028138720024
German,Professor,kind,92,38,45,9,0.44015864639178565,0.42105979895543144,0.13878155373158338
German,Professor,kollege,135,55,56,24,0.41378075183817636,0.37727687143617206,0.20894237802950322
German,Professor,kommentar,54,24,20,10,0.44283245286593836,0.3597111705414675,0.1974563734881856
German,Professor,land,108,42,62,4,0.4358941870569079,0.4589002114824123,0.1052056004776171
German,Professor,lehre,110,42,53,15,0.3915511726655743,0.39793810065497054,0.2105107248506763
German,Professor,leute,203,86,76,41,0.4292575657147492,0.354759479611378,0.21598295408663493
German,Professor,liebe,55,10,15,30,0.3103304845365611,0.33326301317323337,0.3564065095545216
German,Professor,lösung,78,31,44,3,0.4609501962669385,0.43035012158827907,0.10869968326714559
German,Professor,mensch,170,85,68,17,0.469407042521326,0.3794897858929985,0.15110317039686968
German,Professor,mitarbeiter,82,25,51,6,0.35807099306910506,0.5160964697871994,0.125832536632604
German,Professor,mittelbau,75,16,53,6,0.36386302545666693,0.4920457469423612,0.14409123594562212
German,Professor,monat,114,43,58,13,0.3850204083872469,0.4430962532366577,0.17188333990379123
German,Professor,möglichkeit,64,18,39,7,0.3422116485890001,0.48494239017600194,0.17284595775709022
German,Professor,nachwuchs,122,51,63,8,0.4374416085173849,0.4088568890803173,0.153701506020715
German,Professor,person,53,25,26,2,0.46167164865248606,0.4478105568098572,0.09051780126778022
German,Professor,perspektive,134,26,98,10,0.26548950679933847,0.5566613027798151,0.17784919457704718
German,Professor,politik,77,33,40,4,0.4656741941323528,0.4185348232216262,0.1157909839885769
German,Professor,post,52,14,31,7,0.30393459196560657,0.4860832111623425,0.2099821921258878
German,Professor,postdoc,207,67,130,10,0.3718048429953447,0.5058352245368819,0.1223599282970679
German,Professor,problem,296,230,58,8,0.6493817046788093,0.28916080284712686,0.06145749237023394
German,Professor,prof,88,34,49,5,0.39356314337981696,0.4449739250862463,0.16146293404215778
German,Professor,professor,102,43,50,9,0.42970174010477813,0.4318083695994288,0.13848989117233193
German,Professor,professur,308,121,171,16,0.42971702631224284,0.4530755508594312,0.11720742204516836
German,Professor,projekt,130,33,86,11,0.31977440694776865,0.5115378987044096,0.16868769098789646
German,Professor,promotion,251,51,188,12,0.28604704126775027,0.5863658481860066,0.12758710893961894
German,Professor,punkt,90,21,47,22,0.28598211768807635,0.43007179602152773,0.2839460859282149
German,Professor,qualifikation,57,14,41,2,0.3304310225996009,0.5572383177646419,0.11233066354077637
German,Professor,reform,83,25,50,8,0.385860097650663,0.4480421609997031,0.166097741574049
German,Professor,sicherheit,56,13,37,6,0.3557058404465871,0.43808743031695485,0.20620673319457897
German,Professor,sinn,55,37,15,3,0.5871610107746992,0.30187538516792384,0.11096360046755184
German,Professor,situation,80,36,38,6,0.4697654366027564,0.40904581830836834,0.1211887419805862
German,Professor,stelle,262,84,157,21,0.4034309657077298,0.45391576068888184,0.14265327274315912
German,Professor,studium,76,21,49,6,0.32797655624974714,0.5152164667256569,0.15680697952446185
German,Professor,system,329,181,134,14,0.51763029912866,0.37332542270059643,0.10904427872840484
German,Professor,tag,78,28,29,21,0.34599996604120886,0.3569602429962311,0.2970397926341647
German,Professor,thema,156,31,103,22,0.2750653648056472,0.5319389264361981,0.19299571118795145
German,Professor,thread,94,24,43,27,0.28543130831515534,0.3994202513564774,0.31514844041753637
German,Professor,track,87,12,66,9,0.26237218655731487,0.5414434181547713,0.19618439126288753
German,Professor,un,70,26,40,4,0.42561270408332347,0.4563446775078773,0.11804262569972447
German,Professor,uni,392,160,203,29,0.43038989709005976,0.44359793295437583,0.12601216994843692
German,Professor,universität,134,41,83,10,0.3709089760460071,0.5018193509374091,0.12727167366294942
German,Professor,unsicherheit,54,47,6,1,0.6973240597656479,0.2272373131579823,0.07543862676592888
German,Professor,vertrag,165,42,114,9,0.30152759591512607,0.5735082086062793,0.12496419156139547
German,Professor,video,65,23,27,15,0.38160618589474604,0.39951560554596094,0.21887821599554558
German,Professor,vorschlag,78,21,43,14,0.3311718858014315,0.4390989085659385,0.22972920706543404
German,Professor,wissenschaft,663,233,385,45,0.40195161201127244,0.46505603407190754,0.1329923528365982
German,Professor,wissenschaftler,264,84,164,16,0.3901686477757087,0.4787517054373342,0.13107964640243375
German,Professor,wissenschaftssystem,172,69,83,20,0.43773990178610694,0.42469282272856596,0.1375672782792948
German,Professor,woche,77,21,43,13,0.3383006492460316,0.43397928837251354,0.22772006488514024
German,Professor,wort,54,24,24,6,0.45605491501865564,0.38359606948991615,0.1603490197168732
German,Professor,zeit,297,120,156,21,0.4231050967392496,0.4200299495599085,0.15686495586765636
German,Unknown,arbeit,200,73,109,18,0.3934152212552726,0.43667262779548766,0.16991215660236775
German,Unknown,arbeitsbedingung,155,84,60,11,0.5138273046622354,0.36708854369578825,0.11908414619824578
German,Unknown,arbeitsvertrag,75,17,56,2,0.2857920389870803,0.6088760662575563,0.1053318913280964
German,Unknown,befristung,107,44,59,4,0.4525359953605683,0.446536254207386,0.100927747455295
German,Unknown,beitrag,59,20,25,14,0.3324827867228601,0.39410904952782694,0.27340815502013693
German,Unknown,bereich,69,24,39,6,0.3733744858291702,0.47686624429796054,0.14975926933297212
German,Unknown,bildung,62,29,31,2,0.47264058887958527,0.41632648857851184,0.11103292532084931
German,Unknown,chance,70,36,18,16,0.4645701477570193,0.30515768905835494,0.23027216710948517
German,Unknown,deutschland,112,62,45,5,0.5473527908990425,0.34702107282022815,0.10562613999770422
German,Unknown,diskussion,63,26,28,9,0.38947895872924065,0.40935298676292103,0.2011680556165557
German,Unknown,druck,52,31,19,2,0.5236276201187418,0.3598797060549259,0.11649267504421565
German,Unknown,erfahrung,60,22,32,6,0.4209824601809184,0.43474095351994035,0.14427658522812029
German,Unknown,familie,62,26,30,6,0.3960956859612657,0.44238270578845856,0.16152160689835587
German,Unknown,forschung,257,88,149,20,0.38863476732535585,0.47890062976614045,0.13246460137562646
German,Unknown,frage,84,27,56,1,0.3856956348532722,0.552581811900295,0.061722551505746584
German,Unknown,geld,139,66,66,7,0.4731183503385928,0.412398497888939,0.11448314780597206
German,Unknown,gesellschaft,74,43,27,4,0.4973879191722419,0.38909797335194574,0.11351410280661406
German,Unknown,gesetz,58,32,25,1,0.5125004283698469,0.40231824653415843,0.08518132615577557
German,Unknown,grund,63,32,29,2,0.5094137115492707,0.3728584624412987,0.117727827399023
German,Unknown,hanna,188,76,81,31,0.40840757517342235,0.38684095964430176,0.20475146247252346
German,Unknown,hochschule,147,47,93,7,0.3858228120572713,0.49771893176497245,0.116458254289769
German,Unknown,jahr,649,198,386,65,0.35586370939879647,0.4711307552119341,0.1730055347822595
German,Unknown,job,157,70,70,17,0.4738443248733214,0.35915297206942065,0.1670027067172964
German,Unknown,karriere,98,42,53,3,0.42981659605795025,0.4487908772211902,0.12139252152255907
German,Unknown,kind,104,57,41,6,0.5173207290040759,0.3635056921854042,0.1191735817746331
German,Unknown,kollege,87,33,39,15,0.41298672152233534,0.37738714816755264,0.20962612109323
German,Unknown,land,72,35,28,9,0.5109683899208903,0.35515174781903625,0.13387986369586238
German,Unknown,leute,157,84,60,13,0.4934929638365462,0.36152209445929073,0.14498494644975587
German,Unknown,mensch,213,107,88,18,0.5093372947943042,0.356072803373348,0.13458990203785084
German,Unknown,mittelbau,84,30,52,2,0.41905383127076284,0.46813808385992334,0.11280808699805112
German,Unknown,monat,116,37,66,13,0.34034759305610224,0.4709892813116312,0.18866312396230883
German,Unknown,nachwuchs,67,30,32,5,0.46020508318472264,0.37658809495172396,0.16320682037621737
German,Unknown,person,51,22,28,1,0.43829076503421743,0.4741050736869083,0.08760415693270225
German,Unknown,perspektive,78,32,41,5,0.4182405901642946,0.4532553130426468,0.1285040992168853
German,Unknown,politik,69,31,36,2,0.4478663156429927,0.44337494792821613,0.10875873401275148
German,Unknown,post,54,18,33,3,0.33335648601253826,0.5297616507720064,0.13688185697214472
German,Unknown,postdoc,88,36,48,4,0.4120516418479383,0.4790527620776133,0.10889560193754733
German,Unknown,problem,232,182,43,7,0.6579754715143092,0.2744102741687976,0.06761425595072194
German,Unknown,prof,82,42,33,7,0.46753020298371956,0.3721803206859565,0.16028948312216415
German,Unknown,professor,78,40,33,5,0.4640410751677476,0.4134008969920568,0.12255803199532704
German,Unknown,professur,112,47,63,2,0.4324521919313286,0.4738550882320851,0.09369272019414764
German,Unknown,projekt,69,27,33,9,0.36248240673887555,0.46609759309153626,0.17141999906279903
German,Unknown,promotion,198,59,120,19,0.34531349752738016,0.4967866075610874,0.1578998990037074
German,Unknown,sache,53,25,22,6,0.453004371304557,0.35641852467549295,0.190577104441681
German,Unknown,semester,64,16,39,9,0.32891243463382125,0.4878653912455775,0.18322217890818138
German,Unknown,situation,59,43,12,4,0.6224924391609127,0.2891509172711837,0.08835663712757119
German,Unknown,stelle,183,72,93,18,0.43008212645441457,0.4207912123268419,0.14912666283710732
German,Unknown,studium,147,54,80,13,0.38163189818056265,0.4625516468722399,0.15581645902727737
German,Unknown,stunde,53,12,37,4,0.28181812089850317,0.5670283304632835,0.1511535438585956
German,Unknown,system,198,113,70,15,0.5506485279536608,0.3294631334943603,0.11988834040521672
German,Unknown,tag,122,47,53,22,0.40196930012497745,0.3845015719655107,0.21352912788661044
German,Unknown,thema,151,55,77,19,0.38341246071635493,0.45809477815614236,0.15849275924635448
German,Unknown,uni,399,163,208,28,0.4414368713727422,0.4358995807751602,0.12266354920356569
German,Unknown,universität,130,50,71,9,0.4215263418853283,0.4575048918907459,0.12096876716957643
German,Unknown,vertrag,196,56,125,15,0.33593501285554805,0.5263101166418317,0.13775486877302126
German,Unknown,wirtschaft,72,29,39,4,0.4570824910576145,0.4128222279250622,0.1300952758691791
German,Unknown,wissenschaft,468,174,260,34,0.4022908020589469,0.4703208037182434,0.1273883892259059
German,Unknown,wissenschaftler,201,96,92,13,0.46470221343325147,0.4156028608703495,0.11969492818455939
German,Unknown,wissenschaftssystem,53,28,21,4,0.5179078944449155,0.3703149281934185,0.11177718106938421
German,Unknown,woche,95,26,56,13,0.3637277686674344,0.44224361820440544,0.1940286165789554
German,Unknown,zeit,190,79,96,15,0.42059082409465,0.41396734455698414,0.1654418301768601
German,Unknown,zukunft,56,18,28,10,0.3492974153320704,0.45097846324954716,0.1997241148658629
