Language,Category,Aspect,Count,Negative,Neutral,Positive,Negative_Probability,Neutral_Probability,Positive_Probability,Aspect_Category
English,Others,academia,89,36,43,10,0.4318777979927116,0.3696469700989429,0.1984752283400196,hochschule
English,PhD Student,academia,82,46,16,20,0.4566605857505304,0.3138827061871203,0.2294567038713976,hochschule
English,PostDoc,academia,339,133,166,40,0.4314492374197044,0.37716591355987,0.1913848488006443,hochschule
English,Professor,academia,189,86,77,26,0.4793757578683278,0.3405485666460461,0.1800756726226715,hochschule
English,Unknown,academia,110,63,39,8,0.5176379653540525,0.3391258972612294,0.1432361267591741,hochschule
English,Others,amp,96,23,54,19,0.2909331164555623,0.4514109695252652,0.2576559088095867,amp
English,PostDoc,amp,226,98,92,36,0.4247276245707036,0.3514636189355391,0.2238087537368775,amp
English,Professor,amp,142,61,51,30,0.4153639275947927,0.3415801480386248,0.2430559235795492,amp
English,Unknown,amp,262,118,99,45,0.4369050623237632,0.3597487000222424,0.2033462421257645,amp
English,Others,career,60,11,40,9,0.3020914623824258,0.4822859807560841,0.2156225478587051,arbeit
English,PostDoc,career,128,37,77,14,0.3448774068965576,0.4403457180596888,0.2147768763170461,arbeit
English,Professor,career,83,29,45,9,0.3661182260656931,0.4152137743062283,0.218667999145586,arbeit
English,Others,contract,109,36,63,10,0.3813701626084266,0.4608249249056392,0.1578049131609294,vertrag
English,PostDoc,contract,164,34,120,10,0.3099063021676024,0.5159747913116361,0.174118908423158,vertrag
English,Professor,contract,103,31,68,4,0.3700622438082417,0.4765823849847594,0.1533553702214244,vertrag
English,Others,germany,88,26,44,18,0.354275579500774,0.4093514749018306,0.2363729427822611,deutschland
English,PhD Student,germany,53,25,19,9,0.4606717639374283,0.3485030535397664,0.1908251956140376,deutschland
English,PostDoc,germany,187,77,93,17,0.4269527571405319,0.4120821623420492,0.160965077618864,deutschland
English,Professor,germany,122,58,50,14,0.4574705303081723,0.3797912881633297,0.1627381844446062,deutschland
English,Unknown,germany,98,54,34,10,0.5144301640744112,0.34146891714891,0.1441009208959127,deutschland
English,Others,job,69,23,36,10,0.3870213335190994,0.4042314623307059,0.2087472070926341,arbeit
English,PostDoc,job,159,58,84,17,0.4060627494077637,0.3987522059758692,0.1951850467074498,arbeit
English,Professor,job,126,51,59,16,0.4135938337930138,0.3891498008890757,0.1972563655470453,arbeit
German,Others,job,111,45,56,10,0.4047193597364533,0.4321391767243275,0.1631414603089561,arbeit
German,PostDoc,job,124,50,54,20,0.3951077353689939,0.3887075562060119,0.2161847063520502,arbeit
German,Professor,job,89,29,48,12,0.3704370509707526,0.4191184503266985,0.2104444973212614,arbeit
German,Unknown,job,157,70,70,17,0.4738443248733214,0.3591529720694206,0.1670027067172963,arbeit
English,Others,position,66,13,48,5,0.308497743991514,0.5089105823726365,0.1825916700516686,politik
English,PostDoc,position,136,42,86,8,0.3798139269518502,0.4619929122683756,0.1581931599854107,politik
English,Professor,position,99,26,58,15,0.3055586127771271,0.4883718693045654,0.2060695117941558,politik
German,PostDoc,position,76,22,47,7,0.3351343650811989,0.5209481845560827,0.1439174507793627,politik
English,Others,research,84,20,45,19,0.2807309319974765,0.4442740295614515,0.2749950344053407,research
English,PostDoc,research,170,41,91,38,0.2862358599134227,0.4419435647918897,0.2718205785269246,research
English,Professor,research,86,17,52,17,0.280221129161154,0.4648132896007493,0.2549655768630463,research
English,Unknown,research,62,20,33,9,0.3539098540260907,0.444055343707723,0.2020348028670395,research
English,Others,researcher,87,35,47,5,0.4290931959176201,0.4195404108399632,0.1513663869479606,research
English,PostDoc,researcher,96,34,47,15,0.3810243062131728,0.4178414597020795,0.2011342294184335,research
English,Professor,researcher,62,18,38,6,0.3750856758485879,0.4121786066361012,0.212735716794287,research
English,Others,science,64,14,38,12,0.2793367161939386,0.4756620547268539,0.245001227944158,wissenschaft
English,PostDoc,science,79,30,43,6,0.4129979664200469,0.4344782848618453,0.1525237468200959,wissenschaft
English,Others,term,56,14,37,5,0.35173148861421,0.4615951233011271,0.1866733865878943,wort
English,PostDoc,term,87,14,67,6,0.2877760906115003,0.4935231864794917,0.2187007341062885,wort
English,Professor,term,52,14,35,3,0.3768978994339704,0.4372587368751948,0.185843369601151,wort
English,Others,time,63,16,37,10,0.3136732156373678,0.4500125391734025,0.2363142422622158,zeit
English,PostDoc,time,146,46,83,17,0.3791436167331795,0.4050813991168182,0.2157749881304493,zeit
English,Professor,time,91,21,57,13,0.3351261721371294,0.4504219235054084,0.2144519101398495,zeit
English,Others,university,63,30,24,9,0.4488924909974374,0.3652327921064127,0.1858747120177934,hochschule
English,PostDoc,university,101,28,65,8,0.3580237780467118,0.4696724865179841,0.172303735416862,hochschule
English,Professor,university,93,34,49,10,0.4142241786804891,0.4001996936576982,0.1855761288234623,hochschule
English,Others,year,56,10,36,10,0.2670843670078154,0.4783683658045317,0.2545472641941159,jahr
English,PhD Student,year,69,37,23,9,0.4985962694483822,0.3261365015869555,0.175267224456521,jahr
English,PostDoc,year,198,56,114,28,0.3559234565443764,0.4375535788089789,0.2065229612270915,jahr
English,Professor,year,128,28,78,22,0.3063221587799489,0.4424245876143686,0.2512532503824332,jahr
English,Unknown,year,67,25,38,4,0.3879525288383462,0.4388102399213101,0.1732372208706923,jahr
English,PostDoc,academic,313,101,182,30,0.406135836556649,0.3898440546954211,0.2040201006308435,hochschule
English,Professor,academic,221,67,118,36,0.3800197210651717,0.3833023957503597,0.2366778780980145,hochschule
English,PostDoc,change,100,33,59,8,0.3797293624654412,0.4209792371839285,0.1992913998104631,promotion
English,PostDoc,condition,103,24,78,1,0.3981273852795073,0.4316843636333942,0.1701882629953686,situation
English,PostDoc,day,56,17,25,14,0.3407538687211594,0.3636409265122243,0.2956052060638154,tag
English,PostDoc,discussion,57,10,32,15,0.2319384984051187,0.4684485603581395,0.2996129484422374,thema
English,PostDoc,life,70,22,44,4,0.3825916995959622,0.4470078144222498,0.1704004872856395,nachwuchs
English,PostDoc,people,127,55,54,18,0.4465474036382877,0.3761865258744852,0.177266065119289,personal
English,Professor,people,76,39,23,14,0.4958200996349516,0.3154907654235629,0.1886891347454174,personal
English,Unknown,people,55,40,11,4,0.5814883855256168,0.3097190835259177,0.1087925262410531,personal
English,PostDoc,postdoc,109,33,61,15,0.3333603116008666,0.4658814668997165,0.2007582261731181,postdoc
English,Professor,postdoc,63,13,34,16,0.2961795671828209,0.4353518379586084,0.2684685849392461,postdoc
German,Others,postdoc,93,26,62,5,0.3295821768622244,0.5424321036265102,0.1279857186099854,postdoc
German,PostDoc,postdoc,226,61,153,12,0.3336768421319733,0.5389674715368094,0.1273556840812078,postdoc
German,Professor,postdoc,200,66,125,9,0.3763505783583969,0.5049992244131863,0.118650193652138,postdoc
German,Unknown,postdoc,88,36,48,4,0.412509812338447,0.4780083701691844,0.1094818236094645,postdoc
English,PostDoc,precarity,73,55,14,4,0.6431579850103757,0.2607670250565629,0.096074986284318,nachwuchs
English,PostDoc,problem,83,61,15,7,0.5935083088206957,0.2920192656926361,0.1144724247797605,jahr
German,Others,problem,217,158,50,9,0.6005566592761723,0.3282415530373973,0.0712017852057646,jahr
German,PD,problem,71,47,24,0,0.5899685171078628,0.3495077367504717,0.0605237484371787,jahr
German,PhD Student,problem,89,69,18,2,0.6495494926243686,0.2906376870160692,0.0598128201816691,jahr
German,PostDoc,problem,367,279,81,7,0.6322593533964346,0.3072775559606441,0.0604630934724162,jahr
German,Professor,problem,296,230,59,7,0.6495598063779038,0.2899217203108442,0.0605184736258878,jahr
German,Unknown,problem,232,182,43,7,0.6579754715143092,0.2744102741687976,0.0676142559507219,jahr
English,PostDoc,scholar,82,37,35,10,0.4641962585425594,0.36033292896137,0.1754708128367982,wissenschaft
English,Unknown,scholar,55,24,27,4,0.4419960238716819,0.3831572725014253,0.1748467134142463,wissenschaft
English,PostDoc,scientist,69,24,40,5,0.4096325782492109,0.4220178046304246,0.1683496162160366,wissenschaft
English,PostDoc,student,73,19,41,13,0.3463598349935387,0.408502786152371,0.2451373753711989,hochschule
English,Professor,student,61,20,26,15,0.3931073709772747,0.3427315853902551,0.2641610415102761,hochschule
English,PostDoc,system,186,79,93,14,0.4733751597664049,0.3629601230063746,0.1636647161757272,system
English,Professor,system,102,49,43,10,0.5155787258682882,0.3319248062759345,0.1524964663583565,system
German,Others,system,194,100,73,21,0.4885138972499168,0.3581143329592095,0.1533717685379087,system
German,PD,system,71,48,20,3,0.6168640071237591,0.3069008477556872,0.0762351382340133,system
German,PhD Student,system,86,50,25,11,0.5514192718925864,0.3173011214970502,0.1312796051267447,system
German,PostDoc,system,397,225,150,22,0.5384339978331958,0.3528319855903273,0.1087340113685773,system
German,Professor,system,329,180,134,15,0.5184550490513399,0.3725787412975334,0.1089662096171574,system
German,Unknown,system,198,114,69,15,0.5513366018280839,0.3289125750236439,0.1197508253025436,system
English,PostDoc,thing,59,22,25,12,0.4122055571968272,0.3656326843962326,0.2221617612324781,jahr
English,PostDoc,thread,73,12,40,21,0.2456456491187826,0.4245053183236351,0.3298490336547567,thema
German,Others,thread,79,14,37,28,0.2516879650139355,0.4196143707708467,0.3286976618810168,thema
German,PostDoc,thread,175,27,90,58,0.2454363212202276,0.4001560950492109,0.3544075831877333,thema
German,Professor,thread,94,24,43,27,0.2854313083151553,0.3994202513564774,0.3151484404175363,thema
English,PostDoc,way,64,22,27,15,0.3765383695426862,0.3479957855888642,0.2754658382036722,track
English,PostDoc,work,300,77,167,56,0.3317675284482538,0.4006802248582244,0.2675522441230714,arbeit
English,Professor,work,138,52,58,28,0.3854600986182365,0.3647046898748132,0.2498352076331881,arbeit
English,Unknown,work,128,48,62,18,0.4080657818267355,0.3868179200799204,0.2051162978677893,arbeit
English,Professor,colleague,54,15,19,20,0.3137575328626014,0.331405989618765,0.3548364798641867,arbeit
English,Professor,professor,59,16,33,10,0.3205759964125641,0.4504543254309792,0.2289696713846365,professur
German,Others,professor,69,20,43,6,0.3819470513018144,0.4770798563309338,0.1409730941894045,professur
German,PostDoc,professor,164,71,78,15,0.4367146129015742,0.4136843273825035,0.1496010627086478,professur
German,Professor,professor,102,43,51,8,0.4309335937540905,0.4347107692749477,0.1343556379205455,professur
German,Unknown,professor,78,40,33,5,0.4640410751677476,0.4134008969920568,0.122558031995327,professur
English,Unknown,passport,61,41,17,3,0.5856228547750927,0.3210632110350445,0.0933139358387618,nachwuchs
German,Others,antwort,70,26,37,7,0.3863387987815908,0.434408830425569,0.1792523805850318,forschung
German,PostDoc,antwort,91,29,47,15,0.3470865597559527,0.4292774743267468,0.2236359640648895,forschung
German,Professor,antwort,87,32,43,12,0.3966828074477527,0.4112010233361146,0.1921161742153009,forschung
German,Others,arbeit,273,91,135,47,0.3629435925188409,0.4287596179083699,0.2082967901834365,arbeit
German,PD,arbeit,52,24,21,7,0.458503358066082,0.3805128632543179,0.1609837764050238,arbeit
German,PhD Student,arbeit,86,37,33,16,0.4105363912490565,0.3567267072408698,0.2327369034268654,arbeit
German,PostDoc,arbeit,364,100,194,70,0.3223972593403452,0.4427405736040692,0.2348621686905171,arbeit
German,Professor,arbeit,260,85,144,31,0.3777670442699813,0.4446442733447139,0.1775886837070664,arbeit
German,Unknown,arbeit,200,72,110,18,0.3897174404375255,0.4390859816782176,0.1711965829227119,arbeit
German,Others,arbeitsbedingung,261,80,156,25,0.3960925374836643,0.4533719448051576,0.1505355223035618,arbeit
German,PhD Student,arbeitsbedingung,52,15,29,8,0.3587324645800086,0.488816300407052,0.1524512405113245,arbeit
German,PostDoc,arbeitsbedingung,221,88,113,20,0.4150874978142087,0.4196877022235911,0.1652248005058228,arbeit
German,Professor,arbeitsbedingung,183,64,97,22,0.412439856169328,0.4147997636327652,0.1727603852667443,arbeit
German,Unknown,arbeitsbedingung,156,84,60,12,0.5110186858293719,0.3657323764875913,0.1232489327040428,arbeit
German,Others,arbeitsverhältnis,67,23,43,1,0.3776646391002099,0.5350170370691748,0.0873183164912373,arbeit
German,Others,arbeitsvertrag,57,9,45,3,0.2303377463106523,0.6548604831883782,0.1148017717263938,vertrag
German,PostDoc,arbeitsvertrag,73,12,56,5,0.2405866388588735,0.6278433128170771,0.1315700526872318,vertrag
German,Unknown,arbeitsvertrag,75,17,56,2,0.2876753865182399,0.605563157449166,0.1067614522079626,vertrag
German,Others,bedingung,69,30,35,4,0.4529398817946945,0.409147578952969,0.1379125445028361,chance
German,PostDoc,bedingung,100,47,50,3,0.4688535736501217,0.4216701406240463,0.1094762883055954,chance
German,Professor,bedingung,76,31,37,8,0.4372092034471662,0.4170047737118837,0.1457860279999868,chance
German,Others,befristung,150,50,97,3,0.4106354259202877,0.4920663898686568,0.0972981797593335,befristung
German,PD,befristung,55,21,28,6,0.3890138963068073,0.4625808881087737,0.1484052136371081,befristung
German,PostDoc,befristung,146,56,86,4,0.4359586135267395,0.4518435619873543,0.1121978282686067,befristung
German,Professor,befristung,149,50,91,8,0.3834956849381427,0.5020558362539183,0.114448483608313,befristung
German,Unknown,befristung,108,45,59,4,0.4567227888921344,0.4430456689593416,0.1002315400961648,befristung
German,Others,beitrag,86,16,44,26,0.2326275016029559,0.4686452701341274,0.298727226291978,forschung
German,PostDoc,beitrag,138,22,67,49,0.2482427180528748,0.4273136626065209,0.3244436201369524,forschung
German,Professor,beitrag,88,13,50,25,0.2103578960946337,0.4715627502988685,0.3180793500399555,forschung
German,Unknown,beitrag,59,20,25,14,0.3324827867228601,0.3941090495278269,0.2734081550201369,forschung
German,Others,bereich,69,14,47,8,0.2857060189480367,0.582818057442057,0.1314759229485323,bereich
German,PostDoc,bereich,78,22,49,7,0.3532444505641858,0.5066269164761672,0.1401286279925933,bereich
German,Unknown,bereich,69,24,39,6,0.3733744858291702,0.4768662442979605,0.1497592693329721,bereich
German,Others,berlin,66,14,44,8,0.307371389713477,0.5067829157818448,0.1858456890437412,bereich
German,Others,beschäftigung,66,12,52,2,0.3057079076428304,0.5609707188312755,0.1333213820489066,arbeit
German,PostDoc,beschäftigung,60,20,40,0,0.3807988592733939,0.5149044979363679,0.10429663991866,arbeit
German,Others,bildung,81,23,52,6,0.3462297881918924,0.4884637531215026,0.1653064616990309,research
German,PostDoc,bildung,72,18,49,5,0.3457458676356408,0.4953859085217118,0.1588682280594689,research
German,Unknown,bildung,62,29,31,2,0.4757185520664338,0.410603481314836,0.1136779681959699,research
German,Others,bmbf,73,35,33,5,0.4563797799589699,0.3872820366020889,0.1563381790374851,druck
German,PostDoc,bmbf,110,69,32,9,0.5105717803266916,0.3460017735307867,0.1434264472008428,druck
German,Professor,bmbf,81,45,32,4,0.4881698687871297,0.3926328933901257,0.1191972336145462,druck
German,Others,chance,70,22,30,18,0.3453443061028207,0.3917070672980376,0.2629486258540834,chance
German,PostDoc,chance,103,40,44,19,0.4142663972904381,0.3613927553145631,0.2243408497911199,chance
German,Professor,chance,106,41,53,12,0.4272276870730632,0.3772044904740914,0.195567822118975,chance
German,Unknown,chance,70,36,18,16,0.4645701477570193,0.3051576890583549,0.2302721671094851,chance
German,Others,daueraufgabe,141,22,103,16,0.2439538811379712,0.6013067373411453,0.1547393794931101,befristung
German,Others,dauerstelle,62,26,35,1,0.4348244212808148,0.4690071563086202,0.0961684182346347,nachwuchs
German,PostDoc,dauerstelle,72,27,40,5,0.4194413339201774,0.4536871772466434,0.126871495352437,nachwuchs
German,Professor,dauerstelle,86,20,63,3,0.3505259903017864,0.5502446279969326,0.0992293801201983,nachwuchs
German,Others,debatte,119,35,67,17,0.321837370393469,0.5105567745739171,0.1676058527943091,thema
German,PostDoc,debatte,135,48,67,20,0.3681123240678399,0.4566749059491687,0.1752127681134475,thema
German,Professor,debatte,100,30,61,9,0.3557092353701591,0.4975314501114189,0.1467593167256563,thema
German,Others,deutschland,147,49,91,7,0.4176883143024379,0.457137032621065,0.1251746495792857,deutschland
German,PhD Student,deutschland,58,20,30,8,0.4236827635302626,0.4029418190234693,0.1733754186666217,deutschland
German,PostDoc,deutschland,206,86,106,14,0.4538937669826074,0.4188145495209734,0.127291684038937,deutschland
German,Professor,deutschland,138,55,68,15,0.4661707553094711,0.3861764061089227,0.1476528382711651,deutschland
German,Unknown,deutschland,112,62,44,6,0.5477749140534017,0.3419705806133736,0.1102545093828146,deutschland
German,Others,diskussion,110,26,65,19,0.283795803294263,0.5116794412108985,0.2045247527178038,thema
German,PostDoc,diskussion,146,40,81,25,0.3312028030392853,0.468398036231121,0.2003991564493371,thema
German,Professor,diskussion,133,32,74,27,0.3055101611574453,0.4718673758880984,0.2226224576816298,thema
German,Unknown,diskussion,63,26,28,9,0.3894789587292406,0.409352986762921,0.2011680556165556,thema
German,Others,druck,69,36,26,7,0.4758283978031165,0.3687438220325587,0.1554277816220469,druck
German,PostDoc,druck,82,43,31,8,0.470345844401092,0.3763247877813693,0.1533293625816884,druck
German,Professor,druck,63,28,32,3,0.4480060825627001,0.426028395899468,0.1259655211239106,druck
German,Unknown,druck,52,30,20,2,0.5190895889670804,0.3644294681457373,0.1164809450722084,druck
German,Others,entfristung,87,37,47,3,0.4316605608268031,0.4578282134286288,0.1105112249845231,befristung
German,PostDoc,entfristung,79,36,42,1,0.4622790202309814,0.4430277134421505,0.0946932711013698,befristung
German,Professor,entfristung,83,27,51,5,0.3950461928384849,0.4757674989032458,0.1291863091783709,befristung
German,Others,erfahrung,84,17,60,7,0.2929590729819167,0.5560557098970527,0.1509852169436357,jahr
German,PostDoc,erfahrung,87,33,46,8,0.3798077329565054,0.4591286757040297,0.1610635846382242,jahr
German,Professor,erfahrung,67,17,40,10,0.290468189754148,0.5032247294908139,0.2063070844247269,jahr
German,Unknown,erfahrung,60,22,32,6,0.4205133731166521,0.4355447291086117,0.1439418970762441,jahr
German,Others,familie,64,31,27,6,0.4394620247767307,0.4097165442071855,0.150821441435255,mensch
German,PostDoc,familie,96,40,51,5,0.4141411459810721,0.4540472233590359,0.131811628283079,mensch
German,Professor,familie,61,23,33,5,0.3731599817754792,0.4855493320549121,0.141290685131413,mensch
German,Unknown,familie,62,26,30,6,0.3960956859612657,0.4423827057884585,0.1615216068983558,mensch
German,Others,folge,76,16,54,6,0.2572745394304786,0.5644538077574811,0.1782716606179938,druck
German,PostDoc,folge,56,16,36,4,0.3650681835798813,0.4805899706802198,0.154341852741449,druck
German,Others,forderung,87,19,60,8,0.2994675224796793,0.5504226303477396,0.1501098480503791,chance
German,PostDoc,forderung,73,20,47,6,0.3639863428902136,0.4764336766547536,0.1595799831852112,chance
German,Professor,forderung,51,17,32,2,0.394971098056903,0.4930106211526721,0.1120182752755342,chance
German,Others,forschung,308,81,204,23,0.3241055441004308,0.5204191503973751,0.1554753079181899,forschung
German,PhD Student,forschung,110,39,61,10,0.3819571047343991,0.4580473785034635,0.1599955116313966,forschung
German,PostDoc,forschung,424,107,279,38,0.3318531911837745,0.5127990448864985,0.155347764509607,forschung
German,Professor,forschung,373,99,238,36,0.3263095075429364,0.5050268209072444,0.1686636720566783,forschung
German,Unknown,forschung,256,86,151,19,0.3878693068836583,0.4808373416744871,0.1312933503686508,forschung
German,Others,frage,109,38,65,6,0.3841574705727056,0.4961521598860758,0.1196903696864706,forschung
German,PostDoc,frage,164,58,98,8,0.4048166582588015,0.5113156748163264,0.0838676658459007,forschung
German,Professor,frage,125,38,77,10,0.3792902593612671,0.4927009436488151,0.1280087952315806,forschung
German,Unknown,frage,85,27,57,1,0.3830312818288803,0.5518599208225222,0.0651087952120338,forschung
German,Others,frau,58,26,31,1,0.4434630822004943,0.462344668291766,0.0941922461999387,druck
German,PostDoc,frau,66,30,31,5,0.4324827945198525,0.4134612361138517,0.1540559720332649,druck
German,Professor,frau,63,24,30,9,0.4028733673668097,0.4143724721812066,0.1827541591658714,druck
German,Others,geld,89,45,41,3,0.4695508782280965,0.4201731341106168,0.1102759827012091,uni
German,PostDoc,geld,142,74,65,3,0.4783427493620506,0.4186538242223397,0.1030034286980057,uni
German,Professor,geld,135,66,61,8,0.4719764294447722,0.3976044727144417,0.1304190995792547,uni
German,Unknown,geld,139,66,66,7,0.4731507480358906,0.4125247913406049,0.1143244570724183,uni
German,Others,geschichte,51,13,32,6,0.3084027066315505,0.514060816198003,0.1775364871410762,forschung
German,PostDoc,geschichte,61,17,38,6,0.3301393831851051,0.5046994325201042,0.1651611813481469,forschung
German,Others,gesellschaft,62,17,40,5,0.3412767425780334,0.5130622371310188,0.1456610208918009,gesellschaft
German,PostDoc,gesellschaft,79,36,39,4,0.4460554180454604,0.4215089536826067,0.1324356309833782,gesellschaft
German,Professor,gesellschaft,59,23,31,5,0.398488628093974,0.4384685512316429,0.1630428210847963,gesellschaft
German,Unknown,gesellschaft,74,43,27,4,0.4994043385660326,0.3868419592948379,0.1137536977216399,gesellschaft
German,Others,gesetz,78,27,47,4,0.3848675378622153,0.4829854000932895,0.1321470605997511,politik
German,PostDoc,gesetz,77,29,44,4,0.4500008070139916,0.4437377262473493,0.1062614658436217,politik
German,Professor,gesetz,64,28,33,3,0.4739482229342684,0.4187231297255493,0.1073286445607663,politik
German,Unknown,gesetz,58,31,26,1,0.5052182003213413,0.4092799041034846,0.0855018957999759,politik
German,Others,grund,70,31,31,8,0.4511472453496286,0.3934551880295787,0.1553975632680313,chance
German,PostDoc,grund,75,32,37,6,0.4520425460735957,0.3981858539581299,0.149771590506037,chance
German,Professor,grund,80,42,28,10,0.5099526426754892,0.3464449944440275,0.1436023562215268,chance
German,Unknown,grund,64,33,29,2,0.5084089743322693,0.3728720337094273,0.1187189926276914,chance
German,Others,hanna,196,57,112,27,0.3554364057181745,0.4469961211161345,0.1975674770620404,hanna
German,PhD Student,hanna,61,21,28,12,0.3511517806528288,0.4343721702328471,0.2144760477860442,hanna
German,PostDoc,hanna,253,81,132,40,0.3882047280286376,0.4052502415971205,0.2065450322810604,hanna
German,Professor,hanna,229,90,109,30,0.4154366601307319,0.405655769248977,0.178907574723804,hanna
German,Unknown,hanna,187,76,80,31,0.4092080195280001,0.3859352786492377,0.2048566992180471,hanna
German,Others,hochschule,384,104,259,21,0.3487039171741344,0.5296855538229769,0.1216105277489986,hochschule
German,PhD Student,hochschule,71,38,27,6,0.4830248662283722,0.3811391934122837,0.1358359400576478,hochschule
German,PostDoc,hochschule,269,84,169,16,0.3688215257316052,0.5123771372559346,0.1188013308705782,hochschule
German,Professor,hochschule,241,103,128,10,0.4274926515319288,0.4662586273896001,0.1062487197529786,hochschule
German,Unknown,hochschule,147,47,93,7,0.3861340375325712,0.4972156496579144,0.1166503109468691,hochschule
German,Others,idee,84,22,33,29,0.2951157105133114,0.3562480918176117,0.3486361921476643,perspektive
German,PostDoc,idee,82,26,37,19,0.3418211435172252,0.3804290894782398,0.2777497618027576,perspektive
German,Professor,idee,72,22,30,20,0.3662132570106122,0.3578600985929369,0.2759266479406505,perspektive
German,Others,innovation,62,14,29,19,0.3279254539238829,0.4016467155888676,0.270427822916498,nachwuchs
German,PostDoc,innovation,113,40,45,28,0.3731528566078802,0.4029381365342214,0.2239090073606477,nachwuchs
German,Professor,innovation,70,22,33,15,0.3794512543295111,0.3922586979078395,0.2282900435583932,nachwuchs
German,Others,jahr,577,158,356,63,0.3317034246797061,0.4902833336625293,0.1780132428037593,jahr
German,PD,jahr,112,39,60,13,0.3557694908231497,0.4839973546830671,0.1602331584519041,jahr
German,PhD Student,jahr,284,83,171,30,0.3480609032902603,0.4723236694092482,0.1796154264019618,jahr
German,PostDoc,jahr,894,249,555,90,0.3420411281358509,0.4809610150708615,0.1769978563630457,jahr
German,Professor,jahr,690,215,413,62,0.3509794304538787,0.4781390544459007,0.1708815136222519,jahr
German,Unknown,jahr,648,197,386,65,0.355029829363856,0.4712859752220044,0.1736841944670074,jahr
German,Others,karriere,100,33,59,8,0.3631520283967256,0.4919063764438033,0.1449415968172251,arbeit
German,PostDoc,karriere,187,55,114,18,0.3539079896268997,0.4751575304404459,0.1709344805950388,arbeit
German,Professor,karriere,142,51,85,6,0.3710446037011037,0.4897205829095672,0.1392348134877081,arbeit
German,Unknown,karriere,98,44,51,3,0.4332323981334968,0.4467873054043371,0.1199802903895627,arbeit
German,Others,kind,75,35,34,6,0.4482118235031764,0.4135193242132663,0.1382688541089494,mensch
German,PostDoc,kind,173,73,88,12,0.459215552519167,0.4064137803853592,0.1343706724303908,mensch
German,Professor,kind,93,39,45,9,0.4421604987113706,0.4199954720153924,0.1378440276008619,mensch
German,Unknown,kind,104,57,41,6,0.5173207290040759,0.3635056921854042,0.119173581774633,mensch
German,Others,kollege,127,35,69,23,0.3421408475970658,0.4302979564279552,0.2275611960629778,deutschland
German,PostDoc,kollege,143,53,69,21,0.3767232246228031,0.4407845634341865,0.1824922080353631,deutschland
German,Professor,kollege,135,54,57,24,0.412279542632125,0.3802865289427616,0.207433930253265,deutschland
German,Unknown,kollege,87,34,39,14,0.4145152196074012,0.3768301060230568,0.2086546657307223,deutschland
German,Others,kommentar,52,25,22,5,0.4751962083033644,0.3671766451488321,0.1576271475686763,forschung
German,PostDoc,kommentar,59,30,21,8,0.4467725682119697,0.376463639186853,0.1767637936587808,forschung
German,Professor,kommentar,54,24,20,10,0.4428324528659383,0.3597111705414675,0.1974563734881855,forschung
German,Others,land,135,47,82,6,0.3924205009584073,0.481999655675005,0.1255798445048707,deutschland
German,PostDoc,land,121,55,58,8,0.463348266260683,0.4040272955682652,0.1326244365316161,deutschland
German,Professor,land,108,44,60,4,0.4393927766079152,0.4532055227361895,0.1074017005006747,deutschland
German,Unknown,land,72,35,28,9,0.5109683899208903,0.3551517478190362,0.1338798636958623,deutschland
German,Others,lehre,72,23,44,5,0.3821933523544835,0.4455177492151658,0.1722889003188659,forschung
German,PostDoc,lehre,127,39,71,17,0.3403790435042437,0.4576498541218324,0.2019711071185356,forschung
German,Professor,lehre,127,50,60,17,0.3930846324234497,0.3997544097149466,0.2071609600029123,forschung
German,Others,leute,116,59,46,11,0.4827068664840069,0.3754032674598797,0.1418898711061297,forschung
German,PD,leute,56,42,13,1,0.5933350153001291,0.3138445686948086,0.0928204070909746,forschung
German,PhD Student,leute,57,32,17,8,0.5328251369166792,0.3076442051352116,0.1595306499746807,forschung
German,PostDoc,leute,232,115,99,18,0.4749466806874963,0.3943012921091426,0.1307520298046412,forschung
German,Professor,leute,203,86,76,41,0.4292943741887661,0.354795589052104,0.2159100361718919,forschung
German,Unknown,leute,157,84,60,13,0.4934929638365462,0.3615220944592907,0.1449849464497558,forschung
German,Others,mensch,218,107,91,20,0.478966971338137,0.3741706291538313,0.146862402571143,mensch
German,PhD Student,mensch,73,39,27,7,0.468682631901274,0.3893253732829878,0.1419919913711204,mensch
German,PostDoc,mensch,187,92,75,20,0.4778100344984927,0.3792767003577023,0.142913266528338,mensch
German,Professor,mensch,170,84,69,17,0.4692670101738151,0.3798226916833835,0.1509102973046109,mensch
German,Unknown,mensch,213,107,89,17,0.5103789099400312,0.3575502350366731,0.1320708544942344,mensch
German,Others,mitarbeiter,93,16,73,4,0.2932893958703804,0.5914965796294391,0.1152140266832805,arbeit
German,PostDoc,mitarbeiter,102,39,60,3,0.4078751797696539,0.4894986958516871,0.1026261253465039,arbeit
German,Professor,mitarbeiter,82,25,51,6,0.358070993069105,0.5160964697871994,0.1258325366326039,arbeit
German,Others,mittelbau,159,47,102,10,0.3687240640931534,0.5003964760393467,0.130879462591179,politik
German,PostDoc,mittelbau,155,59,84,12,0.4057393402582214,0.4487443673274209,0.1455162917834616,politik
German,Professor,mittelbau,75,16,53,6,0.36331613595287,0.4931461980938911,0.1435376744965711,politik
German,Unknown,mittelbau,84,30,52,2,0.418890383981523,0.4679325287274661,0.1131770887988663,politik
German,Others,monat,96,27,62,7,0.3158779125272606,0.5349343615816906,0.1491877294611185,forschung
German,PhD Student,monat,51,18,27,6,0.3547460129301922,0.4614530895270553,0.1838008973418789,forschung
German,PostDoc,monat,163,61,89,13,0.3736532565000598,0.4652852283710716,0.1610615121120689,forschung
German,Professor,monat,114,44,57,13,0.3884447594091557,0.4391422740984381,0.172412967660644,forschung
German,Unknown,monat,116,37,66,13,0.3403475930561022,0.4709892813116312,0.1886631239623088,forschung
German,Others,nachwuchs,93,31,53,9,0.3910537381726567,0.425710505235099,0.1832357511745505,nachwuchs
German,PostDoc,nachwuchs,141,61,73,7,0.4204990277529185,0.4358067629158708,0.1436942056587612,nachwuchs
German,Professor,nachwuchs,122,51,63,8,0.4376047718353936,0.4086208476028481,0.1537743836305424,nachwuchs
German,Unknown,nachwuchs,67,30,32,5,0.4602050831847226,0.3765880949517239,0.1632068203762173,nachwuchs
German,Others,personal,69,22,45,2,0.3608210066846315,0.5254627718873646,0.1137162187960052,personal
German,PostDoc,personal,85,33,49,3,0.4475330017068807,0.447706350640339,0.1047606497016899,personal
German,Others,perspektive,121,22,87,12,0.2721211082217368,0.5536272884154123,0.1742516075037727,perspektive
German,PostDoc,perspektive,176,49,103,24,0.320231287443841,0.48251334044405,0.197255376308352,perspektive
German,Professor,perspektive,134,26,98,10,0.2655507267466676,0.5574147370713416,0.1770345405605969,perspektive
German,Unknown,perspektive,78,32,41,5,0.4182405901642946,0.4532553130426468,0.1285040992168852,perspektive
German,Others,politik,75,31,39,5,0.4556293358405431,0.425096180687348,0.1192744853844244,politik
German,PostDoc,politik,98,46,46,6,0.4418502184277286,0.4476996635904117,0.1104501148077602,politik
German,Professor,politik,77,33,40,4,0.4631589162465814,0.4224312721279921,0.1144098134759764,politik
German,Unknown,politik,68,31,35,2,0.4490099463830976,0.4422760304775746,0.1087140209068927,politik
German,Others,prof,83,14,60,9,0.2873693923409803,0.5319070668374918,0.1807235497083649,professur
German,PostDoc,prof,89,37,46,6,0.4176936929815271,0.429802207590154,0.1525040960483503,professur
German,Professor,prof,88,34,49,5,0.3935631433798169,0.4449739250862463,0.1614629340421577,professur
German,Unknown,prof,82,42,33,7,0.4675302029837195,0.3721803206859565,0.1602894831221641,professur
German,Others,professur,96,28,67,1,0.3605048354559888,0.5402810294957211,0.0992141386959701,professur
German,PD,professur,71,36,27,8,0.4466491422392952,0.4344590759088456,0.1188917778511072,professur
German,PhD Student,professur,57,18,31,8,0.3823854172961753,0.4699386605306676,0.1476759214542413,professur
German,PostDoc,professur,226,86,121,19,0.4252187465276338,0.4528699709531084,0.1219112837678892,professur
German,Professor,professur,309,121,172,16,0.4286637845837954,0.4541448494329035,0.1171913655643565,professur
German,Unknown,professur,112,47,63,2,0.4325604446099272,0.474088575325108,0.0933509808216642,professur
German,Others,projekt,102,24,70,8,0.2825866518907394,0.5471945048912483,0.170218840150126,promotion
German,PostDoc,projekt,144,31,94,19,0.2841833516722544,0.5225592193504175,0.1932574323921774,promotion
German,Professor,projekt,130,33,86,11,0.3219000035467056,0.5093149400387819,0.1687850523954973,promotion
German,Unknown,projekt,69,27,33,9,0.3624824067388755,0.4660975930915362,0.171419999062799,promotion
German,Others,promotion,182,53,110,19,0.3292922231030988,0.5164141289398565,0.1542936538213065,promotion
German,PhD Student,promotion,90,36,47,7,0.3885639012687736,0.4705094534075922,0.1409266369003388,promotion
German,PostDoc,promotion,229,48,170,11,0.2963926094506895,0.5644171072991654,0.139190285706559,promotion
German,Professor,promotion,251,53,186,12,0.2878674355101775,0.584304397680845,0.1278281655288727,promotion
German,Unknown,promotion,198,59,120,19,0.3453134975273801,0.4967866075610874,0.1578998990037073,promotion
German,Others,reform,101,34,58,9,0.366003074120767,0.4539944002828975,0.1800025291279843,promotion
German,PostDoc,reform,52,16,35,1,0.4104614621744706,0.4308605657603878,0.15867797874559,promotion
German,Professor,reform,83,25,50,8,0.385860097650663,0.4480421609997031,0.1660977415740489,promotion
German,Others,semester,52,15,32,5,0.3167497400337687,0.5158142581438789,0.1674359974523002,hochschule
German,PostDoc,semester,54,19,31,4,0.3826980524592929,0.4502704009689666,0.1670315462957929,hochschule
German,Unknown,semester,64,16,39,9,0.3289124346338212,0.4878653912455775,0.1832221789081813,hochschule
German,Others,situation,97,40,48,9,0.4237468709458702,0.4488140855406977,0.1274390437822673,situation
German,PostDoc,situation,120,57,51,12,0.4768020642610888,0.3937275127197305,0.1294704221111411,situation
German,Professor,situation,80,36,38,6,0.4714378963690251,0.4079101218376308,0.1206519796396605,situation
German,Unknown,situation,59,43,12,4,0.6224924391609127,0.2891509172711837,0.0883566371275711,situation
German,Others,stelle,151,54,90,7,0.3808588043891436,0.4793638410108373,0.1397773575790176,forschung
German,PhD Student,stelle,72,28,36,8,0.4073068131692707,0.4217204882038963,0.1709727009939443,forschung
German,PostDoc,stelle,272,89,161,22,0.383626701995073,0.4629623530199751,0.1534109446220099,forschung
German,Professor,stelle,265,85,159,21,0.4028232478027074,0.4534312778767549,0.1437454734981622,forschung
German,Unknown,stelle,183,72,93,18,0.4302797358829141,0.4208778217434883,0.1488424441751723,forschung
German,Others,studium,146,43,92,11,0.3354352334616322,0.5035940641920044,0.1609707031309706,hochschule
German,PostDoc,studium,95,24,62,9,0.3422125766936101,0.4923429130723601,0.1654445088517508,hochschule
German,Professor,studium,76,21,49,6,0.3285354329273104,0.5141141776387629,0.1573503913455887,hochschule
German,Unknown,studium,147,52,82,13,0.3806626561040781,0.4630577862009304,0.1562795611668605,hochschule
German,Others,stunde,67,14,49,4,0.2817855902683378,0.5919371831105716,0.1262772273995093,forschung
German,PostDoc,stunde,79,21,54,4,0.3196616185050976,0.5322818146381951,0.1480565620704164,forschung
German,Unknown,stunde,53,11,38,4,0.3144990479889906,0.5165070916684169,0.1689938501507605,forschung
German,Others,tag,113,27,64,22,0.307520076500631,0.4432337728155925,0.2492461528596097,tag
German,PostDoc,tag,143,42,79,22,0.3448549109165901,0.4354279808752186,0.2197171111519519,tag
German,Professor,tag,77,27,29,21,0.3415181195339212,0.3580090591756554,0.3004728227418351,tag
German,Unknown,tag,123,47,54,22,0.4018010080951016,0.385914687158131,0.2122843046786217,tag
German,Others,thema,238,38,161,39,0.2409863249171806,0.558975674509376,0.200038005128315,thema
German,PhD Student,thema,77,24,40,13,0.3388336989061011,0.441608953833967,0.2195573537429044,thema
German,PostDoc,thema,255,57,162,36,0.294512071752665,0.5241108300127819,0.1813771027889029,thema
German,Professor,thema,156,31,103,22,0.2750670546307586,0.5320334445494108,0.1928995027959059,thema
German,Unknown,thema,151,55,77,19,0.3807340180933081,0.4623906274036263,0.1568753484278818,thema
German,Others,uhr,184,11,158,15,0.1602654750863818,0.6771736252729011,0.1625608990738249,amp
German,PostDoc,uhr,66,10,51,5,0.2147511382954138,0.6427182972882733,0.1425305613119042,amp
German,Unknown,uhr,51,11,37,3,0.2429393816228006,0.6150992124104032,0.1419614058207062,amp
German,Others,un,51,23,27,1,0.4551719667426511,0.4328443285296945,0.1119836998519067,uni
German,PostDoc,un,70,24,40,6,0.3812312642910651,0.4637328630047185,0.1550358747797352,uni
German,Professor,un,71,27,40,4,0.4299455552138913,0.4532956701349204,0.1167587823116443,uni
German,Others,uni,420,148,248,24,0.3956247288645023,0.4829455311986662,0.121429739271601,uni
German,PhD Student,uni,135,52,62,21,0.3954117322685542,0.432835157988248,0.1717531052866467,uni
German,PostDoc,uni,555,205,315,35,0.4213173047916309,0.4557861893765024,0.1228965053200587,uni
German,Professor,uni,391,157,204,30,0.4273309244124023,0.4448378872879021,0.1278311879971943,uni
German,Unknown,uni,399,162,209,28,0.440346188591163,0.4371905658804907,0.1224632467677755,uni
German,Others,universität,175,43,122,10,0.3399530298582144,0.5477532520145177,0.11229371940451,hochschule
German,PostDoc,universität,309,91,199,19,0.3707141024467436,0.5151112394763042,0.1141746574229165,hochschule
German,Professor,universität,134,41,83,10,0.3706851522090719,0.5020381798272702,0.12727666847102,hochschule
German,Unknown,universität,130,50,71,9,0.4213975560206633,0.4581000703172042,0.1205023745218148,hochschule
German,Others,unsicherheit,54,49,4,1,0.7491510896771042,0.1978997023500225,0.0529492119051239,chance
German,Professor,unsicherheit,54,48,5,1,0.7170488390105741,0.2166365508542016,0.0663146071860359,chance
German,Others,vertrag,227,62,156,9,0.3282227460541126,0.5465667018839179,0.1252105508967905,vertrag
German,PD,vertrag,52,23,24,5,0.4426474564064007,0.4360541373921128,0.1212984004702705,vertrag
German,PhD Student,vertrag,89,25,58,6,0.3267137225549877,0.5335156190093984,0.1397706597436512,vertrag
German,PostDoc,vertrag,253,55,182,16,0.303379130273645,0.5661542226409488,0.1304666514659351,vertrag
German,Professor,vertrag,164,43,112,9,0.3043432874355192,0.5701980029073793,0.1254587054434345,vertrag
German,Unknown,vertrag,196,56,125,15,0.335935012855548,0.5263101166418317,0.1377548687730212,vertrag
German,Others,verwaltung,53,25,24,4,0.4510437365410463,0.4289116986658213,0.12004456560145,arbeit
German,PostDoc,verwaltung,53,19,33,1,0.405881599364978,0.4986385387491505,0.0954798652597193,arbeit
German,Others,video,63,16,35,12,0.2950472592834441,0.4573628769389221,0.2475898671481344,forschung
German,PostDoc,video,83,22,46,15,0.3499887407903211,0.4372048064482858,0.2128064546689211,forschung
German,Professor,video,65,23,27,15,0.381606185894746,0.3995156055459609,0.2188782159955455,forschung
German,Others,vorschlag,58,14,28,16,0.3059216679940963,0.395701128989458,0.2983771973803382,perspektive
German,PostDoc,vorschlag,109,33,51,25,0.3474662392955581,0.4071595253884245,0.2453742414422401,perspektive
German,Professor,vorschlag,78,21,43,14,0.3309633976373916,0.4392269423995644,0.2298096628286517,perspektive
German,Others,wissenschaft,699,202,454,43,0.3518142295742836,0.5226103118614152,0.1255754565084632,wissenschaft
German,PD,wissenschaft,161,70,83,8,0.4463584070666606,0.4420022034543271,0.1116393919143339,wissenschaft
German,PhD Student,wissenschaft,199,85,93,21,0.4281773602112603,0.4211297282696369,0.1506929114301824,wissenschaft
German,PostDoc,wissenschaft,844,270,507,67,0.3825000808596328,0.4850649703294039,0.1324349461571352,wissenschaft
German,Professor,wissenschaft,662,234,382,46,0.4017552753707838,0.4638838908294627,0.1343608321073349,wissenschaft
German,Unknown,wissenschaft,469,174,261,34,0.4004963663484114,0.4721047616224172,0.127398866999235,wissenschaft
German,Others,wissenschaftler,326,113,192,21,0.3932898854893958,0.4868324050234139,0.1198777089043994,wissenschaft
German,PhD Student,wissenschaftler,112,51,49,12,0.4300122521817684,0.4183217417448759,0.1516660048842562,wissenschaft
German,PostDoc,wissenschaftler,428,184,227,17,0.4473986330694545,0.4434095756803578,0.1091917892765671,wissenschaft
German,Professor,wissenschaftler,263,84,163,16,0.3912334919060817,0.477216021742091,0.1315504862030989,wissenschaft
German,Unknown,wissenschaftler,201,96,92,13,0.4647540089058046,0.4155950427277764,0.1196509512252549,wissenschaft
German,Others,wissenschaftlerin,60,22,33,5,0.3778857224310438,0.4677627501388391,0.1543515218421816,wissenschaft
German,PostDoc,wissenschaftlerin,63,17,39,7,0.3687456385010764,0.4833653789191019,0.1478889874286121,wissenschaft
German,Others,wissenschaftssystem,75,31,39,5,0.4581658815344174,0.4237380418181419,0.1180960769951343,wissenschaft
German,PostDoc,wissenschaftssystem,161,59,87,15,0.4236686082082505,0.4472972223569887,0.1290341723386359,wissenschaft
German,Professor,wissenschaftssystem,171,69,82,20,0.4401430454736913,0.4217873024618068,0.138069655343193,wissenschaft
German,Unknown,wissenschaftssystem,53,28,21,4,0.5163022195393184,0.3717486931819398,0.1119490901429978,wissenschaft
German,Others,woche,92,22,54,16,0.3048504586736468,0.4753168025256499,0.2198327359662431,amp
German,PhD Student,woche,58,21,29,8,0.3754462539057793,0.4391698439059586,0.1853839009357937,amp
German,PostDoc,woche,163,43,100,20,0.3388006900968544,0.471591164877901,0.1896081401058043,amp
German,Professor,woche,77,21,42,14,0.3354093808100207,0.4308581960375433,0.2337324256561212,amp
German,Unknown,woche,95,26,56,13,0.3637277686674344,0.4422436182044054,0.1940286165789553,amp
German,Others,wort,58,25,25,8,0.4238940330286478,0.3825117591768503,0.1935942128525468,wort
German,PostDoc,wort,93,46,25,22,0.4644115913699391,0.3175142304671387,0.2180741801156952,wort
German,Professor,wort,54,24,24,6,0.4560549150186556,0.3835960694899161,0.1603490197168731,wort
German,Others,zeit,235,70,131,34,0.3646454838124361,0.4345058355401171,0.2008486810992372,zeit
German,PhD Student,zeit,98,39,47,12,0.3956025280818647,0.4225967818376969,0.1818006886454412,zeit
German,PostDoc,zeit,363,128,198,37,0.3982471388356745,0.4355337665962779,0.1662190925129804,zeit
German,Professor,zeit,298,122,155,21,0.4259157500061012,0.4176786255666473,0.1564056273306025,zeit
German,Unknown,zeit,190,79,96,15,0.4206087087820235,0.4137529760207,0.1656383143492827,zeit
German,Others,zukunft,70,16,43,11,0.2993952238133975,0.4952846619167498,0.2053201105445623,forschung
German,PostDoc,zukunft,72,24,40,8,0.3553993452288624,0.4612624079195989,0.1833382396079185,forschung
German,Unknown,zukunft,55,18,27,10,0.3508355668999932,0.4496724231676622,0.1994920040734789,forschung
German,PostDoc,antrag,76,19,52,5,0.3296050342093957,0.519535009357098,0.1508599576589308,forschung
German,Professor,antrag,93,27,64,2,0.3524888766308625,0.5275433468081618,0.1199677694608927,forschung
German,PostDoc,arbeitgeber,53,25,27,1,0.4633412736485589,0.4273639924402507,0.1092947263200327,arbeit
German,PostDoc,arbeitszeit,53,12,39,2,0.3226491212844848,0.5764319099626452,0.1009189698071974,arbeit
German,PostDoc,argument,92,42,44,6,0.4624484910265259,0.4054730180246026,0.1320784938339467,thema
German,Professor,argument,99,53,40,6,0.514702664104977,0.3635881459434526,0.121709188493439,thema
German,PostDoc,artikel,87,24,40,23,0.3324424543300236,0.4040236157076112,0.2635339263441233,postdoc
German,Professor,artikel,55,19,25,11,0.3387833191928538,0.4167548195204951,0.2444618611511858,postdoc
German,PostDoc,ausland,75,29,38,8,0.4548271178205808,0.419497855703036,0.1256750174984335,deutschland
German,Professor,ausland,79,25,44,10,0.3884567273662814,0.4554122251140166,0.156131050820592,deutschland
German,PostDoc,beispiel,53,12,36,5,0.2804761372225464,0.509070440915958,0.2104534215803415,wort
German,PostDoc,bewerbung,65,16,47,2,0.3131188960029529,0.5531292197796015,0.1337518860800907,promotion
German,Professor,bewerbung,73,25,37,11,0.3654683351210535,0.4396044901278737,0.194927175542059,promotion
German,PostDoc,buch,90,20,50,20,0.2558430231279797,0.4728612378653553,0.271295732528799,amp
German,Professor,buch,53,5,42,6,0.2436320169846404,0.5804329844859412,0.1759350086509618,amp
German,PostDoc,bund,53,15,34,4,0.351078173180796,0.5098440855179193,0.1390777441831129,amp
German,PostDoc,bundestag,54,19,29,6,0.3770792954773814,0.4456754061910841,0.1772452972277446,tag
German,PostDoc,cdu,51,25,22,4,0.5001437368930555,0.3502039164304733,0.1496523433164054,amp
German,PostDoc,dis,65,21,38,6,0.3416792541169203,0.4914535199220364,0.1668672281389052,wort
German,PostDoc,drittmittel,93,30,60,3,0.3833131097978161,0.5097640349018958,0.1069228529870029,nachwuchs
German,Professor,drittmittel,89,28,58,3,0.3834177049274525,0.5158978324760212,0.1006844634336701,nachwuchs
German,PostDoc,erfolg,59,15,18,26,0.2595001567407684,0.3271094709003376,0.4133903794622017,ergebnis
German,PostDoc,ergebnis,80,22,51,7,0.3188827977748587,0.5209551449865103,0.1601620640954933,ergebnis
German,PostDoc,fach,60,23,31,6,0.423916615297397,0.4621431873490413,0.1139401948079466,druck
German,Professor,fach,72,30,36,6,0.3951254739529556,0.4547864313030408,0.1500880944464976,druck
German,PostDoc,forscher,57,20,34,3,0.4117310253674524,0.4647622641764189,0.1235067155212163,research
German,PostDoc,gedanke,54,18,22,14,0.340065160214349,0.3714031587458319,0.2885316865587675,bereich
German,PostDoc,gespräch,63,12,32,19,0.2754185531761438,0.4179336515565713,0.3066477977508117,forschung
German,Professor,gespräch,56,17,34,5,0.3052453426976821,0.5218926406066332,0.1728620112075337,forschung
German,PostDoc,glück,81,17,14,50,0.2517696451165793,0.2748436368541953,0.4733867244220074,bereich
German,Professor,glück,56,11,7,38,0.2438123650582773,0.2534661735408007,0.5027214619663677,bereich
German,PostDoc,interview,60,5,27,28,0.2088925362409402,0.4082939760759473,0.3828134798134366,promotion
German,PostDoc,konferenz,52,9,38,5,0.2686137466763074,0.5795617059159738,0.1518245426436456,deutschland
German,PostDoc,kopf,51,30,14,7,0.5303541755705488,0.2824582954978241,0.1871875326569173,druck
German,PostDoc,kritik,67,48,16,3,0.6206761218273817,0.3028301102345558,0.0764937708432327,perspektive
German,PostDoc,leistung,69,18,40,11,0.3454891855733981,0.4587851769790269,0.1957256363947754,arbeit
German,PostDoc,lösung,78,31,40,7,0.390816783078779,0.4491456219783196,0.1600375935817375,befristung
German,Professor,lösung,78,31,44,3,0.4609501962669385,0.430350121588279,0.1086996832671455,befristung
German,PostDoc,mittel,57,15,38,4,0.370018133926287,0.5089696930035165,0.1210121799815903,politik
German,PostDoc,möglichkeit,67,22,40,5,0.3549021017918391,0.4655780241782986,0.1795198709300871,chance
German,Professor,möglichkeit,64,18,39,7,0.3422459493158384,0.4848261573933996,0.1729278912098379,chance
German,PostDoc,person,93,30,58,5,0.3917832795971183,0.501614152103342,0.106602567458345,personal
German,Professor,person,53,25,26,2,0.4617130283336594,0.4478969149432092,0.0903900647535919,personal
German,Unknown,person,51,22,28,1,0.4382907650342174,0.4741050736869083,0.0876041569327022,personal
German,PostDoc,post,57,16,39,2,0.3380852335116319,0.5432359916076326,0.1186787741944977,postdoc
German,Professor,post,52,14,31,7,0.3039345919656065,0.4860832111623425,0.2099821921258877,postdoc
German,Unknown,post,54,18,33,3,0.3362435056931442,0.5277957218112769,0.1359607661142944,postdoc
German,PostDoc,publikation,56,20,33,3,0.3641205746680498,0.5180349362614963,0.1178444874406392,postdoc
German,PostDoc,qualifikation,65,23,41,1,0.3876099049471891,0.5117326303170278,0.1006574597496252,arbeit
German,Professor,qualifikation,57,14,41,2,0.3305005103741821,0.5572671329504565,0.1122323601882447,arbeit
German,PostDoc,realität,61,29,30,2,0.4881562518536067,0.4112006847853543,0.1006430680176517,chance
German,PostDoc,sache,73,40,25,8,0.4934739834845882,0.334569028387331,0.1719569862526777,jahr
German,Unknown,sache,53,25,22,6,0.4529782318562831,0.3596264584657718,0.1873953109431378,jahr
German,PostDoc,sauerei,67,67,0,0,0.9613400546472464,0.0268317582224731,0.011828139466025,forschung
German,PostDoc,struktur,66,16,46,4,0.3460071110589937,0.5493270312294816,0.1046658468037617,system
German,PostDoc,teil,91,27,57,7,0.3325087245103422,0.4917811377608514,0.1757101394993426,forschung
German,PostDoc,track,52,11,39,2,0.2950844296182577,0.5457772340338963,0.1591383355956237,track
German,Professor,track,87,12,67,8,0.2635414326756164,0.5416106216866394,0.1948479424905159,track
German,PostDoc,tweet,88,21,53,14,0.2900956434578719,0.4836961269293996,0.2262082348725842,deutschland
German,PostDoc,urlaub,52,22,25,5,0.4546559564769268,0.3959763713467579,0.1493676759016055,forschung
German,PostDoc,verantwortung,59,15,39,5,0.3279949936194945,0.481803325904628,0.1902016683055435,chance
German,PostDoc,wirtschaft,79,23,49,7,0.421883886232029,0.4302090483281431,0.1479070638129605,arbeit
German,Unknown,wirtschaft,72,29,39,4,0.4570824910576145,0.4128222279250622,0.130095275869179,arbeit
German,Professor,beruf,59,25,27,7,0.3854003803709806,0.4110723287498546,0.2035272838232123,forschung
German,Professor,entscheidung,59,16,42,1,0.3859301474639925,0.5089918306192099,0.1050780279467166,befristung
German,Professor,finanzierung,56,18,35,3,0.3646074840798974,0.5024374676203089,0.1329550482997936,finanzierung
German,Professor,generation,78,39,33,6,0.503790080642853,0.3485945446464495,0.1476153755106795,nachwuchs
German,Professor,habil,61,33,24,4,0.4708833596745475,0.3780862065490152,0.151030431806919,bereich
German,Professor,liebe,53,10,15,28,0.3131723295334937,0.3295813653407232,0.3572463064436924,bereich
German,Professor,punkt,90,21,47,22,0.2874787894905441,0.4269710279587242,0.2855501815262767,forschung
German,Professor,sicherheit,56,13,37,6,0.355705840446587,0.4380874303169548,0.2062067331945789,chance
German,Professor,sinn,54,37,14,3,0.5913952713211378,0.2974828932158373,0.1111218326345637,forschung
